player_id;player_name;position;matches_played;matches_started;minutes_played;minutes_per_match;goals;goals_per_match;assists;assists_per_match;yellow_cards;red_cards;total_cards;cards_per_match;penalty_goals;own_goals;clean_sheets;saves;goals_conceded;save_percentage
1;José Raúl Rangel;GK;5;5;438;88;0;0,0;0;0,0;0;0;0;0,0;0;0;4,0;7,0;3,0;70,0
2;Jorge Eduardo Sanchez;DEF;4;4;349;87;0;0,0;1;0,25;1;0;1;0,25;0;0;;;;
3;César Jasib Montes;DEF;4;4;315;79;0;0,0;0;0,0;0;1;1;0,25;0;0;;;;
4;Edson Omar Alvarez;DEF;4;2;239;120;0;0,0;0;0,0;1;0;1;0,25;0;0;;;;
5;Johan Felipe Vasquez;DEF;4;4;360;90;0;0,0;0;0,0;1;0;1;0,25;0;0;;;;
6;Erik Antonio Lira;MID;4;4;346;87;0;0,0;1;0,25;0;0;0;0,0;0;0;;;;
7;Luis Francisco Romo;MID;4;4;268;67;1;0,25;1;0,25;0;0;0;0,0;0;0;;;;
8;Álvaro Fidalgo;MID;3;1;95;95;1;0,33;0;0,0;0;0;0;0,0;0;0;;;;
9;Raúl Alonso Jimenez;FWD;4;4;319;80;3;0,75;0;0,0;0;0;0;0,0;1;0;;;;
10;Ernesto Alexis Vega;FWD;1;0;11;0;0;0,0;0;0,0;0;0;0;0,0;0;0;;;;
11;Santiago Tomás Gimenez;FWD;4;0;83;0;0;0,0;0;0,0;0;0;0;0,0;0;0;;;;
12;Carlos Acevedo;GK;0;0;0;0;0;0,0;0;0,0;0;0;0;0,0;0;0;0,0;0,0;0,0;0,0
13;Francisco Guillermo Ochoa;GK;1;0;12;0;0;0,0;0;0,0;0;0;0;0,0;0;0;0,0;0,0;0,0;0,0
14;Armando Gonzalez;FWD;1;0;14;0;0;0,0;0;0,0;0;0;0;0,0;0;0;;;;
15;Israel Reyes;DEF;4;2;200;100;0;0,0;0;0,0;0;0;0;0,0;0;0;;;;
16;Julián Andrés Quinones;FWD;5;5;414;83;4;0,8;1;0,2;0;0;0;0,0;0;0;;;;
17;Orbelín Pineda;MID;2;0;29;0;0;0,0;0;0,0;0;0;0;0,0;0;0;;;;
18;Obed Goméz Vargas;MID;3;0;63;0;0;0,0;0;0,0;0;0;0;0,0;0;0;;;;
19;Gilberto Rafael Mora;MID;4;3;216;72;0;0,0;0;0,0;0;0;0;0,0;0;0;;;;
20;Mateo Chavez;DEF;1;1;78;78;1;1,0;0;0,0;0;0;0;0,0;0;0;;;;
21;César Saúl Huerta;FWD;1;0;6;0;0;0,0;0;0,0;0;0;0;0,0;0;0;;;;
22;Guillermo Martinez;FWD;2;1;72;72;0;0,0;0;0,0;0;0;0;0,0;0;0;;;;
23;Jesús Daniel Gallardo;DEF;5;4;372;93;0;0,0;0;0,0;0;0;0;0,0;0;0;;;;
24;Luis Gerardo Chavez;MID;1;0;24;0;0;0,0;0;0,0;0;0;0;0,0;0;0;;;;
25;Roberto Carlos Alvarado;FWD;5;5;430;86;0;0,0;3;0,6;0;0;0;0,0;0;0;;;;
26;Brian Gutierrez;MID;4;2;197;99;0;0,0;0;0,0;1;0;1;0,25;0;0;;;;
27;Ronwen Hayden Williams;GK;4;4;360;90;0;0,0;0;0,0;0;0;0;0,0;0;0;1,0;17,0;4,0;81,0
28;Tholo Thabang Matuludi;DEF;0;0;0;0;0;0,0;0;0,0;0;0;0;0,0;0;0;;;;
29;Khulumani Ndamane;DEF;0;0;0;0;0;0,0;0;0,0;0;0;0;0,0;0;0;;;;
30;Teboho Mokoena;MID;3;3;270;90;1;0,33;0;0,0;2;0;2;0,67;1;0;;;;
31;Thalente Wandile Mbatha;MID;4;2;258;129;0;0,0;0;0,0;1;0;1;0,25;0;0;;;;
32;Aubrey Maphosa Modiba;DEF;4;4;346;87;0;0,0;0;0,0;1;0;1;0,25;0;0;;;;
33;Oswin Reagan Appollis;FWD;4;3;256;85;0;0,0;0;0,0;0;0;0;0,0;0;0;;;;
34;Tshepang Moremi;FWD;2;0;32;0;0;0,0;1;0,5;0;0;0;0,0;0;0;;;;
35;Lyle Brent Foster;FWD;1;1;56;56;0;0,0;0;0,0;0;0;0;0,0;0;0;;;;
36;Relebohile Mofokeng;FWD;3;2;170;85;0;0,0;0;0,0;0;0;0;0,0;0;0;;;;
37;Themba Zwane;MID;1;0;29;0;0;0,0;0;0,0;0;1;1;1,0;0;0;;;;
38;Thapelo Maseko;FWD;3;3;245;82;1;0,33;0;0,0;0;0;0;0,0;0;0;;;;
39;Sphephelo S'miso Sithole;MID;3;3;270;90;0;0,0;0;0,0;0;1;1;0,33;0;0;;;;
40;Mbekezeli Mfanufikile Mbokazi;DEF;4;4;360;90;0;0,0;0;0,0;0;0;0;0,0;0;0;;;;
41;Iqraam Rayners;FWD;4;2;161;81;0;0,0;0;0,0;0;0;0;0,0;0;0;;;;
42;Sipho Justin Chaine;GK;0;0;0;0;0;0,0;0;0,0;0;0;0;0,0;0;0;0,0;0,0;0,0;0,0
43;Sekotori Evidence Makgopa;FWD;4;2;214;107;0;0,0;0;0,0;0;0;0;0,0;0;0;;;;
44;Samukele Alucious Kabini;DEF;0;0;0;0;0;0,0;0;0,0;0;0;0;0,0;0;0;;;;
45;Nkosinathi Emmanuel Sibisi;DEF;1;1;90;90;0;0,0;0;0,0;1;0;1;1,0;0;0;;;;
46;Khuliso Johnson Mudau;DEF;4;4;360;90;0;0,0;0;0,0;0;0;0;0,0;0;0;;;;
47;Ime Daniel Okon;DEF;4;4;360;90;0;0,0;0;0,0;0;0;0;0,0;0;0;;;;
48;Stuart Ricardo Goss;GK;0;0;0;0;0;0,0;0;0,0;0;0;0;0,0;0;0;0,0;0,0;0,0;0,0
49;Jayden Oswin Adams;MID;3;2;117;59;0;0,0;0;0,0;0;0;0;0,0;0;0;;;;
50;Olwethu Mpilwenhle Makhanya;DEF;0;0;0;0;0;0,0;0;0,0;0;0;0;0,0;0;0;;;;
51;Kamogelo Michael Sebelebele;FWD;1;0;6;0;0;0,0;0;0,0;0;0;0;0,0;0;0;;;;
52;Bradley Paul Cross;DEF;0;0;0;0;0;0,0;0;0,0;0;0;0;0,0;0;0;;;;
53;Seunggyu Kim;GK;3;3;270;90;0;0,0;0;0,0;0;0;0;0,0;0;0;0,0;8,0;3,0;72,7
54;Hanbeom Lee;DEF;3;3;270;90;0;0,0;0;0,0;0;0;0;0,0;0;0;;;;
55;Gihyuk Lee;MID;3;3;270;90;0;0,0;0;0,0;1;0;1;0,33;0;0;;;;
56;Minjae Kim;DEF;3;3;245;82;0;0,0;0;0,0;0;0;0;0,0;0;0;;;;
57;Taehyeon Kim;DEF;0;0;0;0;0;0,0;0;0,0;0;0;0;0,0;0;0;;;;
58;Inbeom Hwang;MID;3;3;264;88;1;0,33;1;0,33;0;0;0;0,0;0;0;;;;
59;Heung Min Son;FWD;3;2;170;85;0;0,0;0;0,0;0;0;0;0,0;0;0;;;;
60;Seungho Paik;MID;3;3;207;69;0;0,0;0;0,0;1;0;1;0,33;0;0;;;;
61;Guesung Cho;FWD;2;0;29;0;0;0,0;0;0,0;1;0;1;0,5;0;0;;;;
62;Jae Sung Lee;MID;2;2;119;60;0;0,0;0;0,0;0;0;0;0,0;0;0;;;;
63;Hee Chan Hwang;MID;3;1;107;107;0;0,0;0;0,0;0;0;0;0,0;0;0;;;;
64;Bumkeun Song;GK;0;0;0;0;0;0,0;0;0,0;0;0;0;0,0;0;0;0,0;0,0;0,0;0,0
65;Taeseok Lee;DEF;2;2;115;58;0;0,0;0;0,0;0;0;0;0,0;0;0;;;;
66;Wije Cho;DEF;0;0;0;0;0;0,0;0;0,0;0;0;0;0,0;0;0;;;;
67;Moonhwan Kim;DEF;1;1;71;71;0;0,0;0;0,0;0;0;0;0,0;0;0;;;;
68;Jinseob Park;DEF;2;0;31;0;0;0,0;0;0,0;0;0;0;0,0;0;0;;;;
69;Junho Bae;MID;0;0;0;0;0;0,0;0;0,0;0;0;0;0,0;0;0;;;;
70;Hyeongyu Oh;FWD;3;1;128;128;1;0,33;0;0,0;0;0;0;0,0;0;0;;;;
71;Kangin Lee;MID;3;3;270;90;0;0,0;1;0,33;1;0;1;0,33;0;0;;;;
72;Hyunjun Yang;MID;1;0;19;0;0;0,0;0;0,0;0;0;0;0,0;0;0;;;;
73;Hyeonwoo Jo;GK;0;0;0;0;0;0,0;0;0,0;0;0;0;0,0;0;0;0,0;0,0;0,0;0,0
74;Youngwoo Seol;DEF;3;3;251;84;0;0,0;0;0,0;0;0;0;0,0;0;0;;;;
75;Jens Castrop;DEF;1;0;44;0;0;0,0;0;0,0;0;0;0;0,0;0;0;;;;
76;Jingyu Kim;MID;2;0;50;0;0;0,0;0;0,0;0;0;0;0,0;0;0;;;;
77;Jisung Eom;MID;2;0;40;0;0;0,0;0;0,0;0;0;0;0,0;0;0;;;;
78;Donggyeong Lee;MID;0;0;0;0;0;0,0;0;0,0;0;0;0;0,0;0;0;;;;
79;Mat ě j Kovar;GK;3;3;270;90;0;0,0;0;0,0;0;0;0;0,0;0;0;0,0;9,0;6,0;60,0
80;David Zima;DEF;1;0;12;0;0;0,0;0;0,0;0;0;0;0,0;0;0;;;;
81;Tomáš Holes;DEF;2;2;154;77;0;0,0;0;0,0;0;0;0;0,0;0;0;;;;
82;Robin Hranac;DEF;3;3;270;90;0;0,0;0;0,0;0;0;0;0,0;0;0;;;;
83;Vladimír Coufal;DEF;3;3;270;90;0;0,0;1;0,33;0;0;0;0,0;0;0;;;;
84;ě pán Chaloupek;DEF;1;1;90;90;0;0,0;0;0,0;0;0;0;0,0;0;0;;;;
85;Ladislav Krejci;DEF;3;3;270;90;1;0,33;0;0,0;1;0;1;0,33;0;0;;;;
86;Vladimír Darida;MID;1;1;55;55;0;0,0;0;0,0;0;0;0;0,0;0;0;;;;
87;Adam Hlozek;FWD;3;2;158;79;0;0,0;0;0,0;0;0;0;0,0;0;0;;;;
88;Patrik Schick;FWD;3;2;179;90;0;0,0;0;0,0;0;0;0;0,0;0;0;;;;
89;Jan Kuchta;FWD;0;0;0;0;0;0,0;0;0,0;0;0;0;0,0;0;0;;;;
90;Lukáš Cerv;MID;2;2;165;83;0;0,0;0;0,0;0;0;0;0,0;0;0;;;;
91;Mojmír Chytil;FWD;1;0;6;0;0;0,0;0;0,0;0;0;0;0,0;0;0;;;;
92;David Jurasek;DEF;0;0;0;0;0;0,0;0;0,0;0;0;0;0,0;0;0;;;;
93;Pavel Sulc;FWD;3;2;188;94;0;0,0;0;0,0;0;0;0;0,0;0;0;;;;
94;Jind ř ich Stanek;GK;0;0;0;0;0;0,0;0;0,0;0;0;0;0,0;0;0;0,0;0,0;0,0;0,0
95;Lukáš Provod;MID;3;1;120;120;0;0,0;0;0,0;0;0;0;0,0;0;0;;;;
96;Michal Sadilek;MID;3;2;184;92;1;0,33;0;0,0;0;0;0;0,0;0;0;;;;
97;Tomáš Chory;FWD;2;0;30;0;0;0,0;0;0,0;0;0;0;0,0;0;0;;;;
98;Jaroslav Zeleny;DEF;2;1;125;125;0;0,0;0;0,0;0;0;0;0,0;0;0;;;;
99;David Doudera;DEF;1;1;90;90;0;0,0;0;0,0;0;0;0;0,0;0;0;;;;
100;Tomáš Soucek;MID;3;1;136;136;0;0,0;0;0,0;0;0;0;0,0;0;0;;;;
101;Lukáš Hornicek;GK;0;0;0;0;0;0,0;0;0,0;0;0;0;0,0;0;0;0,0;0,0;0,0;0,0
102;Alexandr Sojka;MID;3;2;142;71;0;0,0;1;0,33;0;0;0;0,0;0;0;;;;
103;Hugo Sochurek;MID;0;0;0;0;0;0,0;0;0,0;0;0;0;0,0;0;0;;;;
104;Denis Visinsky;FWD;1;1;56;56;0;0,0;0;0,0;0;0;0;0,0;0;0;;;;
105;Dayne Tristan St. Clair;GK;0;0;0;0;0;0,0;0;0,0;0;0;0;0,0;0;0;0,0;0,0;0,0;0,0
106;Alistair William Johnston;DEF;5;5;450;90;0;0,0;0;0,0;1;0;1;0,2;0;0;;;;
107;Alfie Charles Jones;DEF;1;1;90;90;0;0,0;0;0,0;0;0;0;0,0;0;0;;;;
108;Luc De Fougerolles;DEF;4;3;282;94;0;0,0;0;0,0;1;0;1;0,25;0;0;;;;
109;Joel Robert Waterman;DEF;0;0;0;0;0;0,0;0;0,0;0;0;0;0,0;0;0;;;;
110;Mathieu Choiniere;MID;1;1;58;58;0;0,0;0;0,0;0;0;0;0,0;0;0;;;;
111;Stephen Eustaquio;MID;5;4;392;98;1;0,2;0;0,0;0;0;0;0,0;0;0;;;;
112;Ismaël Kenneth Jordan Kone;MID;3;3;236;79;0;0,0;0;0,0;0;0;0;0,0;0;0;;;;
113;Cyle Christopher Larin;FWD;3;2;162;81;2;0,67;0;0,0;1;0;1;0,33;0;0;;;;
114;Jonathan Christian David;FWD;5;5;421;84;3;0,6;0;0,0;0;0;0;0,0;0;0;;;;
115;Liam Alan Millar;MID;3;2;163;82;0;0,0;0;0,0;1;0;1;0,33;0;0;;;;
116;Tanitoluwa Oluwatimilehin Oluwaseyi;FWD;4;2;197;99;0;0,0;0;0,0;0;0;0;0,0;0;0;;;;
117;Derek Austin Cornelius;DEF;4;4;316;79;0;0,0;0;0,0;1;0;1;0,25;0;0;;;;
118;Jacob Everett Shaffelburg;MID;5;1;165;165;0;0,0;0;0,0;0;0;0;0,0;0;0;;;;
119;Moïse Bombito Bombito;DEF;3;2;193;97;0;0,0;0;0,0;0;0;0;0,0;0;0;;;;
120;Maxime Crepeau;GK;5;5;450;90;0;0,0;0;0,0;0;0;0;0,0;0;0;2,0;7,0;6,0;53,8
121;Tajon Trevor Buchanan;FWD;4;4;293;73;0;0,0;0;0,0;0;0;0;0,0;0;0;;;;
122;Owen Olamidayo Goodman;GK;0;0;0;0;0;0,0;0;0,0;0;0;0;0,0;0;0;0,0;0,0;0,0;0,0
123;Alphonso Boyle Davies;DEF;2;1;105;105;0;0,0;0;0,0;0;0;0;0,0;0;0;;;;
124;Ali Ahmed;FWD;3;2;158;79;0;0,0;0;0,0;0;0;0;0,0;0;0;;;;
125;Jonathan Osorio;MID;1;0;1;0;0;0,0;0;0,0;0;0;0;0,0;0;0;;;;
126;Richmond Mamah Laryea;DEF;4;4;353;88;0;0,0;0;0,0;0;0;0;0,0;0;0;;;;
127;Niko Kristian Sigur;DEF;2;0;38;0;0;0,0;0;0,0;1;0;1;0,5;0;0;;;;
128;Promise Oluwatobi Emmanuel David;FWD;4;1;155;155;1;0,25;1;0,25;0;0;0;0,0;0;0;;;;
129;Nathan-Dylan Saliba;MID;4;3;273;91;1;0,25;2;0,5;1;0;1;0,25;0;0;;;;
130;Jayden Nelson;FWD;0;0;0;0;0;0,0;0;0,0;0;0;0;0,0;0;0;;;;
131;Nikola Vasilj;GK;4;4;360;90;0;0,0;0;0,0;0;0;0;0,0;0;0;0,0;12,0;8,0;60,0
132;Nihad Mujakic;DEF;0;0;0;0;0;0,0;0;0,0;0;0;0;0,0;0;0;;;;
133;Dennis Hadzikadunic;DEF;1;0;27;0;0;0,0;1;1,0;0;0;0;0,0;0;0;;;;
134;Tarik Muharemovic;DEF;3;3;270;90;0;0,0;0;0,0;0;1;1;0,33;0;0;;;;
135;Sead Kolasinac;DEF;4;4;338;85;0;0,0;1;0,25;0;0;0;0,0;0;0;;;;
136;Benjamin Tahirovic;MID;4;2;236;118;0;0,0;0;0,0;0;0;0;0,0;0;0;;;;
137;Amar Dedic;DEF;3;3;270;90;0;0,0;0;0,0;1;0;1;0,33;0;0;;;;
138;Armin Gigovic;MID;2;1;79;79;0;0,0;0;0,0;0;0;0;0,0;0;0;;;;
139;Samed Bazdar;FWD;1;0;28;0;0;0,0;0;0,0;0;0;0;0,0;0;0;;;;
140;Ermedin Demirovic;FWD;4;4;355;89;0;0,0;0;0,0;1;0;1;0,25;0;0;;;;
141;Edin Dzeko;FWD;3;3;177;59;0;0,0;0;0,0;1;0;1;0,33;0;0;;;;
142;Mladen Jurkas;GK;0;0;0;0;0;0,0;0;0,0;0;0;0;0,0;0;0;0,0;0,0;0,0;0,0
143;Ivan Basic;MID;3;2;179;90;0;0,0;1;0,33;0;0;0;0,0;0;0;;;;
144;Ivan Sunjic;MID;4;3;198;66;0;0,0;0;0,0;0;0;0;0,0;0;0;;;;
145;Amar Memic;MID;4;2;223;112;0;0,0;0;0,0;0;0;0;0,0;0;0;;;;
146;Amir Hadziahmetovic;MID;1;0;5;0;0;0,0;0;0,0;0;0;0;0,0;0;0;;;;
147;Dzenis Burnic;MID;2;0;15;0;0;0,0;0;0,0;0;0;0;0,0;0;0;;;;
148;Nikola Katic;DEF;4;4;318;80;0;0,0;0;0,0;1;0;1;0,25;0;0;;;;
149;Kerim Alajbegovic;FWD;4;3;278;93;1;0,25;0;0,0;0;0;0;0,0;0;0;;;;
150;Esmir Bajraktarevic;FWD;4;2;230;115;0;0,0;0;0,0;0;0;0;0,0;0;0;;;;
151;Stjepan Radeljic;DEF;2;2;180;90;0;0,0;0;0,0;1;0;1;0,5;0;0;;;;
152;Martin Zlomislic;GK;0;0;0;0;0;0,0;0;0,0;0;0;0;0,0;0;0;0,0;0,0;0,0;0,0
153;Haris Tabakovic;FWD;1;0;15;0;0;0,0;0;0,0;0;0;0;0,0;0;0;;;;
154;Arjan Malic;DEF;1;1;46;46;0;0,0;0;0,0;0;0;0;0,0;0;0;;;;
155;Jovo Lukic;FWD;2;1;67;67;1;0,5;0;0,0;1;0;1;0,5;0;0;;;;
156;Ermin Mahmic;MID;3;0;67;0;2;0,67;0;0,0;1;0;1;0,33;0;0;;;;
157;Ibrahim Mahmoud Abunada;GK;3;3;270;90;0;0,0;0;0,0;1;0;1;0,33;0;1;0,0;16,0;10,0;61,5
158;Miguel Pedro;DEF;3;3;270;90;0;0,0;0;0,0;0;0;0;0,0;0;0;;;;
159;Michel Lucas;DEF;1;0;3;0;0;0,0;0;0,0;0;0;0;0,0;0;0;;;;
160;Gueye Issa Laye;DEF;3;3;270;90;0;0,0;0;0,0;0;0;0;0,0;0;0;;;;
161;Gaber Jassem;DEF;3;3;152;51;0;0,0;0;0,0;1;0;1;0,33;0;0;;;;
162;Hatim Abdulaziz Hatem;MID;1;0;44;0;0;0,0;0;0,0;0;0;0;0,0;0;0;;;;
163;Alaaeldin Ahmed;FWD;2;0;41;0;0;0,0;0;0,0;0;0;0;0,0;0;0;;;;
164;Junior Edmilson;FWD;3;3;213;71;0;0,0;1;0,33;0;0;0;0,0;0;0;;;;
165;Mohammed Mohammed Muntari;FWD;0;0;0;0;0;0,0;0;0,0;0;0;0;0,0;0;0;;;;
166;Khalid Hassan Alhaydos;FWD;2;1;57;57;1;0,5;0;0,0;0;0;0;0,0;0;0;;;;
167;Hassan Akram;FWD;3;3;239;80;0;0,0;0;0,0;0;0;0;0,0;0;0;;;;
168;Karim Karim Boudiaf;MID;2;1;102;102;0;0,0;0;0,0;0;0;0;0,0;0;0;;;;
169;Mohamed Ayoub Aloui;DEF;2;2;150;75;0;0,0;0;0,0;0;0;0;0,0;0;0;;;;
170;Elamin Homam;DEF;2;2;180;90;0;0,0;0;0,0;0;1;1;0,5;0;0;;;;
171;Abdurisag Yusuf Abdurisag;FWD;2;2;100;50;0;0,0;0;0,0;0;0;0;0,0;0;0;;;;
172;KHOUKHIBoualem Boualem;DEF;3;3;270;90;0;0,0;0;0,0;0;0;0;0,0;0;0;;;;
173;Mohamed Ahmed Alganehi;MID;1;0;35;0;0;0,0;0;0,0;0;0;0;0,0;0;0;;;;
174;Hussain Sultan;DEF;2;1;140;140;0;0,0;0;0,0;0;0;0;0,0;0;0;;;;
175;Ali Zainelabdeen Almoez;FWD;1;0;18;0;0;0,0;0;0,0;0;0;0;0,0;0;0;;;;
176;Fathy Ahmed Fathy;MID;3;1;150;150;0;0,0;0;0,0;2;0;2;0,67;0;0;;;;
177;Zakaria Salah Zakaria;GK;0;0;0;0;0;0,0;0;0,0;0;0;0;0,0;0;0;0,0;0,0;0,0;0,0
178;Aissa Meshaal Barsham;GK;0;0;0;0;0;0,0;0;0,0;0;0;0;0,0;0;0;0,0;0,0;0,0;0,0
179;Omer Assim Madibo;MID;2;2;169;85;0;0,0;0;0,0;0;1;1;0,5;0;0;;;;
180;Mohammad Tahsin;FWD;0;0;0;0;0;0,0;0;0,0;0;0;0;0,0;0;0;;;;
181;Alhussein Alhashmi;DEF;1;0;31;0;0;0,0;0;0,0;0;0;0;0,0;0;0;;;;
182;Naceur Mohamed Manai;FWD;3;0;66;0;0;0,0;0;0,0;0;0;0;0,0;0;1;;;;
183;Gregor Kobel;GK;6;6;600;100;0;0,0;0;0,0;0;0;0;0,0;0;0;2,0;20,0;6,0;76,9
184;Miro Max Maria Muheim;DEF;3;0;84;0;0;0,0;0;0,0;1;0;1;0,33;0;1;;;;
185;Silvan Dominic Widmer;DEF;5;1;172;172;0;0,0;0;0,0;0;0;0;0,0;0;0;;;;
186;Nico Elvedi;DEF;6;6;600;100;0;0,0;0;0,0;1;0;1;0,17;0;0;;;;
187;Manuel Obafemi Akanji;DEF;6;6;600;100;0;0,0;0;0,0;0;0;0;0,0;0;0;;;;
188;Denis Lemi Zakaria;MID;4;4;360;90;0;0,0;0;0,0;2;0;2;0,5;0;0;;;;
189;Breel Donald Embolo;FWD;6;6;506;84;2;0,33;2;0,33;1;1;2;0,33;1;0;;;;
190;Remo Marco Freuler;MID;6;6;575;96;0;0,0;0;0,0;0;0;0;0,0;0;0;;;;
191;Johan Kula Manzambi;MID;4;2;198;99;3;0,75;2;0,5;0;0;0;0,0;0;0;;;;
192;Granit Xhaka;MID;6;6;600;100;1;0,17;1;0,17;2;0;2;0,33;1;0;;;;
193;Dan Ndoye;FWD;6;5;411;82;2;0,33;0;0,0;0;0;0;0,0;0;0;;;;
194;Yvon Landry Mvogo;GK;0;0;0;0;0;0,0;0;0,0;0;0;0;0,0;0;0;0,0;0,0;0,0;0,0
195;Ricardo Ivan Rodriguez;DEF;6;6;520;87;0;0,0;1;0,17;0;0;0;0,0;0;0;;;;
196;Ardon Jashari;MID;3;1;71;71;0;0,0;0;0,0;0;0;0;0,0;0;0;;;;
197;Djibril Ibrahima Sow;MID;5;2;271;136;0;0,0;0;0,0;0;0;0;0,0;0;0;;;;
198;Christian Andreas Fassnacht;FWD;1;0;5;0;0;0,0;0;0,0;0;0;0;0,0;0;0;;;;
199;Ruben Estephan Vargas;FWD;6;3;283;94;2;0,33;1;0,17;0;0;0;0,0;0;0;;;;
200;Eray Ervin Coemert;DEF;1;0;30;0;0;0,0;0;0,0;0;0;0;0,0;0;0;;;;
201;Noah Arinzechukwu Okafor;FWD;1;0;19;0;0;0,0;0;0,0;0;0;0;0,0;0;0;;;;
202;Michel Aebischer;MID;4;2;157;79;0;0,0;0;0,0;0;0;0;0,0;0;0;;;;
203;Marvin Keller;GK;0;0;0;0;0;0,0;0;0,0;0;0;0;0,0;0;0;0,0;0,0;0,0;0,0
204;Fabian Rieder;MID;5;3;304;101;0;0,0;0;0,0;0;0;0;0,0;0;0;;;;
205;Mohamed Zeki Amdouni;FWD;4;0;69;0;0;0,0;0;0,0;0;0;0;0,0;0;0;;;;
206;Aurèle Florian Amenda;DEF;0;0;0;0;0;0,0;0;0,0;0;0;0;0,0;0;0;;;;
207;Luca Antony Jaquez;DEF;2;1;78;78;0;0,0;0;0,0;0;0;0;0,0;0;0;;;;
208;Cedric Jan Itten;FWD;3;0;39;0;0;0,0;0;0,0;0;0;0;0,0;0;0;;;;
209;Ramsés Alisson;GK;5;5;450;90;0;0,0;0;0,0;0;0;0;0,0;0;0;2,0;9,0;4,0;69,2
210;José Ederson Silva;MID;2;0;20;0;0;0,0;0;0,0;0;0;0;0,0;0;0;;;;
211;Gabriel Gabriel Magalhaes;DEF;5;5;450;90;0;0,0;1;0,2;0;0;0;0,0;0;0;;;;
212;MARQUINHOSMarcos;DEF;5;5;450;90;0;0,0;0;0,0;0;0;0;0,0;0;0;;;;
213;Henrique;MID;5;5;382;76;1;0,2;0;0,0;2;0;2;0,4;0;0;;;;
214;Sandro Alex;DEF;1;0;8;0;0;0,0;0;0,0;0;0;0;0,0;0;0;;;;
215;José Vinicius;FWD;5;5;441;88;4;0,8;1;0,2;0;0;0;0,0;0;0;;;;
216;GUIMARAESBruno Bruno;MID;5;5;420;84;0;0,0;4;0,8;1;0;1;0,2;0;0;;;;
217;Matheus Matheus Cunha;FWD;5;4;293;73;3;0,6;0;0,0;0;0;0;0,0;0;0;;;;
218;Neymar Neymar Jr;FWD;2;0;37;0;1;0,5;0;0,0;1;0;1;0,5;1;0;;;;
219;Raphael Raphinha;FWD;2;2;130;65;0;0,0;0;0,0;0;0;0;0,0;0;0;;;;
220;Weverton Weverton;GK;0;0;0;0;0;0,0;0;0,0;0;0;0;0,0;0;0;0,0;0,0;0,0;0,0
221;Luiz Danilo;DEF;5;4;404;101;0;0,0;0;0,0;2;0;2;0,4;0;0;;;;
222;Bremer Bremer;DEF;0;0;0;0;0;0,0;0;0,0;0;0;0;0,0;0;0;;;;
223;PEREIRALeonardo Leo;DEF;0;0;0;0;0;0,0;0;0,0;0;0;0;0,0;0;0;;;;
224;Douglas Douglas Santos;DEF;5;5;442;88;0;0,0;0;0,0;1;0;1;0,2;0;0;;;;
225;Henrique Fabinho;MID;3;0;69;0;0;0,0;0;0,0;1;0;1;0,33;0;0;;;;
226;Danilo Danilo Santos;MID;4;0;43;0;0;0,0;0;0,0;0;0;0;0,0;0;0;;;;
227;Felipe Endrick;FWD;4;0;110;0;0;0,0;0;0,0;0;0;0;0,0;0;0;;;;
228;Lucas Lucas Paqueta;MID;4;4;237;59;0;0,0;1;0,25;0;0;0;0,0;0;0;;;;
229;Henrique André Luiz;FWD;1;0;29;0;0;0,0;0;0,0;0;0;0;0,0;0;0;;;;
230;MARTINELLIGabriel Gabriel;FWD;4;1;141;141;1;0,25;0;0,0;0;0;0;0,0;0;0;;;;
231;Ederson Ederson;GK;0;0;0;0;0;0,0;0;0,0;0;0;0;0,0;0;0;0,0;0,0;0,0;0,0
232;IBANEZRoger Roger;DEF;1;1;46;46;0;0,0;0;0,0;1;0;1;1,0;0;0;;;;
233;Thiago Igor Thiago;FWD;1;1;61;61;0;0,0;0;0,0;0;0;0;0,0;0;0;;;;
234;Vitor Rayan;FWD;4;3;289;96;0;0,0;1;0,25;0;0;0;0,0;0;0;;;;
235;Yassine Bounou;GK;6;6;570;95;0;0,0;0;0,0;0;0;0;0,0;0;1;2,0;18,0;6,0;75,0
236;Achraf Hakimi;DEF;6;6;570;95;1;0,17;1;0,17;0;0;0;0,0;0;0;;;;
237;Noussair Mazraoui;DEF;6;5;477;95;0;0,0;0;0,0;0;0;0;0,0;0;0;;;;
238;Sofyan Amrabat;MID;1;1;90;90;0;0,0;0;0,0;0;0;0;0,0;0;0;;;;
239;Marwane Saadane;DEF;0;0;0;0;0;0,0;0;0,0;0;0;0;0,0;0;0;;;;
240;Ayyoub Bouaddi;MID;5;5;439;88;0;0,0;0;0,0;0;0;0;0,0;0;0;;;;
241;Chemsdine Talbi;MID;5;2;246;123;0;0,0;1;0,2;0;0;0;0,0;0;0;;;;
242;Azz-Eddine Ounahi;MID;6;4;380;95;2;0,33;0;0,0;0;0;0;0,0;0;0;;;;
243;Soufiane Rahimi;FWD;6;0;105;0;2;0,33;0;0,0;0;0;0;0,0;0;0;;;;
244;Brahim Diaz;FWD;6;6;477;80;0;0,0;4;0,67;0;0;0;0,0;0;0;;;;
245;Ismael Saibari;MID;5;5;453;91;3;0,6;0;0,0;0;0;0;0,0;0;0;;;;
246;Monir El Kajoui;GK;0;0;0;0;0;0,0;0;0,0;0;0;0;0,0;0;0;0,0;0,0;0,0;0,0
247;Zakaria El Ouahdi;DEF;1;1;90;90;0;0,0;0;0,0;0;0;0;0,0;0;0;;;;
248;Issa Laye Lucas Jean Diop;DEF;4;4;390;98;1;0,25;0;0,0;3;0;3;0,75;0;0;;;;
249;Samir El Mourabet;MID;4;0;75;0;0;0,0;0;0,0;0;0;0;0,0;0;0;;;;
250;Gessime Ben Youssef Mustapha Yassine;MID;2;0;61;0;1;0,5;0;0,0;0;0;0;0,0;0;0;;;;
251;Mohamed Amine Sbai;FWD;0;0;0;0;0;0,0;0;0,0;0;0;0;0,0;0;0;;;;
252;Chadi Riad;DEF;5;5;435;87;0;0,0;0;0,0;0;0;0;0,0;0;0;;;;
253;Youssef Belammari;DEF;0;0;0;0;0;0,0;0;0,0;0;0;0;0,0;0;0;;;;
254;Ayoub El Kaabi;FWD;1;1;70;70;0;0,0;0;0,0;0;0;0;0,0;0;0;;;;
255;Ayoube Amaimouni;FWD;3;1;106;106;0;0,0;0;0,0;0;0;0;0,0;0;0;;;;
256;Ahmed Reda Tagnaouti;GK;0;0;0;0;0;0,0;0;0,0;0;0;0;0,0;0;0;0,0;0,0;0,0;0,0
257;Bilal El Khannouss;MID;6;6;506;84;0;0,0;0;0,0;0;0;0;0,0;0;0;;;;
258;Neil Yoni El Aynaoui;MID;5;5;473;95;0;0,0;0;0,0;0;0;0;0,0;0;0;;;;
259;Redouane Halhal;DEF;1;1;90;90;0;0,0;0;0,0;0;0;0;0,0;0;0;;;;
260;Anass Salah Eddine;DEF;4;2;228;114;0;0,0;0;0,0;0;0;0;0,0;0;0;;;;
261;Johny Placide;GK;3;3;270;90;0;0,0;0;0,0;1;0;1;0,33;0;0;0,0;14,0;8,0;63,6
262;Carlens Jean Fedlaire Ruby Arcus;DEF;3;2;146;73;0;0,0;0;0,0;1;0;1;0,33;0;0;;;;
263;Keeto Thermoncy;DEF;0;0;0;0;0;0,0;0;0,0;0;0;0;0,0;0;0;;;;
264;Ricardo Ade;DEF;3;3;270;90;0;0,0;0;0,0;0;0;0;0,0;0;0;;;;
265;Hannes Piterson Delcroix;DEF;3;3;270;90;0;0,0;0;0,0;0;0;0;0,0;0;0;;;;
266;Carl Fred Sainte;MID;0;0;0;0;0;0,0;0;0,0;0;0;0;0,0;0;0;;;;
267;Derrick Burckley Etienne;FWD;1;0;9;0;0;0,0;0;0,0;0;0;0;0,0;0;0;;;;
268;Martin Yves Roberns Didier Experience;DEF;3;3;270;90;0;0,0;0;0,0;0;0;0;0,0;0;0;;;;
269;Duckens Nazon;FWD;1;0;23;0;0;0,0;0;0,0;1;0;1;1,0;0;0;;;;
270;Jean Ricner Bellegarde;MID;3;3;261;87;0;0,0;0;0,0;1;0;1;0,33;0;0;;;;
271;Don Deedson Deedson;FWD;3;1;111;111;0;0,0;0;0,0;0;0;0;0,0;0;0;;;;
272;Alexandre Jr Pierre;GK;0;0;0;0;0;0,0;0;0,0;0;0;0;0,0;0;0;0,0;0,0;0,0;0,0
273;Markhus Lacroix;DEF;0;0;0;0;0;0,0;0;0,0;0;0;0;0,0;0;0;;;;
274;Garven-Michee Metusala;DEF;0;0;0;0;0;0,0;0;0,0;0;0;0;0,0;0;0;;;;
275;Ruben Fritzner Providence;FWD;3;3;223;74;0;0,0;0;0,0;0;0;0;0,0;0;0;;;;
276;Lenny Alvin Pico Joseph;FWD;3;1;117;117;0;0,0;0;0,0;0;0;0;0,0;0;0;;;;
277;Danley Jean Jacques;MID;3;3;260;87;0;0,0;0;0,0;1;0;1;0,33;0;0;;;;
278;Wilson Isidor;FWD;3;2;186;93;1;0,33;0;0,0;0;0;0;0,0;0;0;;;;
279;Yassin Enzo Fortune;FWD;1;0;5;0;0;0,0;0;0,0;0;0;0;0,0;0;0;;;;
280;Frantzdy Pierrot;FWD;3;2;143;72;0;0,0;0;0,0;1;0;1;0,33;0;0;;;;
281;Josue Jeremie Casimir;FWD;3;2;182;91;0;0,0;0;0,0;1;0;1;0,33;0;0;;;;
282;Jean-Kévin Duverne;DEF;2;2;170;85;0;0,0;0;0,0;0;0;0;0,0;0;0;;;;
283;Josue Duverger;GK;0;0;0;0;0;0,0;0;0,0;0;0;0;0,0;0;0;0,0;0,0;0,0;0,0
284;Wilguens Raphael Polynice Paugain;DEF;0;0;0;0;0;0,0;0;0,0;0;0;0;0,0;0;0;;;;
285;Dominique Celidor Simon;MID;2;0;54;0;0;0,0;0;0,0;0;0;0;0,0;0;0;;;;
286;Olivier Woodensky Pierre;MID;0;0;0;0;0;0,0;0;0,0;0;0;0;0,0;0;0;;;;
287;Angus Fraser James Gunn;GK;3;3;270;90;0;0,0;0;0,0;0;0;0;0,0;0;0;1,0;10,0;4,0;71,4
288;Aaron Buchanan Hickey;DEF;1;1;75;75;0;0,0;0;0,0;1;0;1;1,0;0;0;;;;
289;Andrew Henry Robertson;DEF;3;3;226;75;0;0,0;0;0,0;1;0;1;0,33;0;0;;;;
291;Grant Campbell Hanley;DEF;2;2;180;90;0;0,0;0;0,0;0;0;0;0,0;0;0;;;;
292;Kieran Tierney;DEF;2;1;104;104;0;0,0;0;0,0;0;0;0;0,0;0;0;;;;
294;Tyler Robert Fletcher;MID;0;0;0;0;0;0,0;0;0,0;0;0;0;0,0;0;0;;;;
295;Lyndon John Dykes;FWD;2;0;34;0;0;0,0;0;0,0;0;0;0;0,0;0;0;;;;
296;Che Sac Everton Fred Adams;FWD;3;2;147;74;0;0,0;0;0,0;0;0;0;0,0;0;0;;;;
297;Ryan Christie;MID;3;1;96;96;0;0,0;0;0,0;1;0;1;0,33;0;0;;;;
298;Liam Patrick Kelly;GK;0;0;0;0;0;0,0;0;0,0;0;0;0;0,0;0;0;0,0;0,0;0,0;0,0
299;Jack William Hendry;DEF;3;3;270;90;0;0,0;0;0,0;0;0;0;0,0;0;0;;;;
300;Ross Cameron Stewart;FWD;1;0;1;0;0;0,0;0;0,0;0;0;0;0,0;0;0;;;;
301;John Francis Souttar;DEF;0;0;0;0;0;0,0;0;0,0;0;0;0;0,0;0;0;;;;
302;Dominic John Hyam;DEF;0;0;0;0;0;0,0;0;0,0;0;0;0;0,0;0;0;;;;
303;Ben Gannon Gannon-Doak;FWD;3;2;186;93;0;0,0;0;0,0;0;0;0;0,0;0;0;;;;
304;George David Eric Hirst;FWD;0;0;0;0;0;0,0;0;0,0;0;0;0;0,0;0;0;;;;
305;Lewis Ferguson;MID;3;3;270;90;0;0,0;0;0,0;0;0;0;0,0;0;0;;;;
306;Lawrence Shankland;FWD;2;2;172;86;0;0,0;0;0,0;0;0;0;0,0;0;0;;;;
307;Craig Sinclair Gordon;GK;0;0;0;0;0;0,0;0;0,0;0;0;0;0,0;0;0;0,0;0,0;0,0;0,0
308;Nathan Kenneth Patterson;DEF;3;2;185;93;0;0,0;0;0,0;0;0;0;0,0;0;0;;;;
310;Anthony Ralston;DEF;2;0;10;0;0;0,0;0;0,0;0;0;0;0,0;0;0;;;;
311;Findlay Kenneth Curtis;FWD;2;0;9;0;0;0,0;0;0,0;1;0;1;0,5;0;0;;;;
313;Matthew Charles Turner;GK;1;1;90;90;0;0,0;0;0,0;0;0;0;0,0;0;0;0,0;4,0;3,0;57,1
314;Sergiño Gianni Dest;DEF;5;4;298;75;0;0,0;1;0,2;0;0;0;0,0;0;0;;;;
315;Christopher Jeffrey Richards;DEF;4;4;360;90;0;0,0;0;0,0;1;0;1;0,25;0;0;;;;
316;Tyler Shaan Adams;MID;4;4;342;86;0;0,0;0;0,0;1;0;1;0,25;0;0;;;;
317;Antonee Robinson;DEF;4;4;350;88;0;0,0;0;0,0;1;0;1;0,25;0;0;;;;
318;Auston Levi-Jesaiah Trusty;DEF;2;1;100;100;1;0,5;0;0,0;0;0;0;0,0;0;0;;;;
319;Giovanni Alejandro Reyna;MID;5;1;131;131;1;0,2;0;0,0;0;0;0;0,0;0;0;;;;
321;Ricardo Daniel Pepi;FWD;5;2;203;102;0;0,0;0;0,0;0;0;0;0,0;0;0;;;;
322;Christian Mate Pulisic;FWD;4;3;224;75;0;0,0;1;0,25;0;0;0;0,0;0;0;;;;
323;Brenden Russell Aaronson;FWD;1;1;76;76;0;0,0;0;0,0;0;0;0;0,0;0;0;;;;
324;Miles Gordon Robinson;DEF;1;1;90;90;0;0,0;0;0,0;0;0;0;0,0;0;0;;;;
325;Timothy Michael Ream;DEF;4;4;360;90;0;0,0;0;0,0;0;0;0;0,0;0;0;;;;
326;Sebastian Matthew Berhalter;MID;5;1;184;184;1;0,2;1;0,2;1;0;1;0,2;0;0;;;;
327;Cristian Roldan;MID;0;0;0;0;0;0,0;0;0,0;0;0;0;0,0;0;0;;;;
328;Alexander Michael Freeman;DEF;5;4;374;94;1;0,2;1;0,2;0;0;0;0,0;0;0;;;;
329;Malik Leon Tillman;MID;5;4;356;89;2;0,4;2;0,4;1;0;1;0,2;0;0;;;;
330;Maximilian Michael Arfsten;DEF;1;0;1;0;0;0,0;0;0,0;0;0;0;0,0;0;0;;;;
331;Haji Amir Wright;FWD;2;0;2;0;0;0,0;0;0,0;0;0;0;0,0;0;0;;;;
332;Folarin Jolaoluwa Balogun;FWD;4;4;316;79;3;0,75;0;0,0;1;1;2;0,5;0;0;;;;
333;Timothy Tarpeh Weah;FWD;2;1;76;76;0;0,0;0;0,0;0;0;0;0,0;0;0;;;;
334;Joseph Michael Scally;DEF;2;1;86;86;0;0,0;0;0,0;0;0;0;0,0;0;0;;;;
335;Matthew Andrew Geary Freese;GK;4;4;360;90;0;0,0;0;0,0;0;0;0;0,0;0;0;2,0;8,0;5,0;61,5
336;Christopher Keith Brady;GK;0;0;0;0;0;0,0;0;0,0;0;0;0;0,0;0;0;0,0;0,0;0,0;0,0
337;Alejandro Zendejas;FWD;1;0;14;0;0;0,0;0;0,0;0;0;0;0,0;0;0;;;;
338;Roberto Junior Fernandez;GK;0;0;0;0;0;0,0;0;0,0;0;0;0;0,0;0;0;0,0;0,0;0,0;0,0
339;Victor Gustavo Velazquez;DEF;4;1;153;153;0;0,0;0;0,0;0;0;0;0,0;0;0;;;;
340;Omar Federico Alderete;DEF;4;4;354;89;0;0,0;0;0,0;0;0;0;0,0;0;0;;;;
341;Juan Jose Caceres;DEF;5;5;439;88;0;0,0;0;0,0;1;0;1;0,2;0;0;;;;
342;Fabián Cornelio Balbuena;DEF;1;0;1;0;0;0,0;0;0,0;0;0;0;0,0;0;0;;;;
343;Júnior Osmar Ignacio Alonso;DEF;4;3;301;100;0;0,0;0;0,0;2;0;2;0,5;0;0;;;;
344;Ramón Sosa;MID;2;1;101;101;0;0,0;0;0,0;0;0;0;0,0;0;0;;;;
345;Diego Alexander Gomez;MID;3;3;236;79;0;0,0;0;0,0;2;0;2;0,67;0;0;;;;
346;Arnaldo Antonio Sanabria;FWD;2;1;83;83;0;0,0;0;0,0;0;0;0;0,0;0;0;;;;
347;Miguel Angel Almiron;MID;4;4;350;88;0;0,0;0;0,0;1;1;2;0,5;0;0;;;;
348;Mauricio Mauricio;MID;3;0;151;0;1;0,33;0;0,0;0;0;0;0,0;0;0;;;;
349;Orlando Daniel Gill;GK;5;5;480;96;0;0,0;0;0,0;0;0;0;0,0;0;0;2,0;29,0;6,0;82,9
350;Jose Maria Canale;DEF;4;2;217;109;0;0,0;0;0,0;0;0;0;0,0;0;0;;;;
351;Adrián Andrés Cubas;MID;4;4;390;98;0;0,0;0;0,0;1;0;1;0,25;0;0;;;;
352;Gustavo Raul Gomez;DEF;4;4;390;98;0;0,0;0;0,0;0;0;0;0,0;0;0;;;;
353;Damián Josue Bobadilla;MID;4;2;190;95;1;0,25;0;0,0;0;0;0;0,0;0;0;;;;
354;Alejandro Sebastian Romero Gamarra;FWD;1;0;11;0;0;0,0;0;0,0;0;0;0;0,0;0;0;;;;
355;Alex Adrian Arce;FWD;3;1;141;141;0;0,0;0;0,0;1;0;1;0,33;0;0;;;;
356;Julio Cesar Enciso;FWD;4;4;327;82;1;0,25;2;0,5;0;0;0;0,0;0;0;;;;
357;Braian Oscar Ojeda;MID;1;0;21;0;0;0,0;0;0,0;0;0;0;0,0;0;0;;;;
358;Gabriel Avalos;FWD;3;2;123;62;0;0,0;0;0,0;0;0;0;0,0;0;0;;;;
359;Gastón Hernán Olveira;GK;0;0;0;0;0;0,0;0;0,0;0;0;0;0,0;0;0;0,0;0,0;0,0;0,0
360;Matias Galarza;MID;4;4;390;98;1;0,25;1;0,25;2;0;2;0,5;0;0;;;;
361;Gustavo Ruben Caballero;MID;2;1;155;155;0;0,0;0;0,0;0;0;0;0,0;0;0;;;;
362;Isidro Miguel Pitta;FWD;2;2;136;68;0;0,0;0;0,0;0;0;0;0,0;0;0;;;;
363;Alexandro Maidana;DEF;3;2;145;73;0;0,0;0;0,0;0;0;0;0,0;0;0;;;;
364;Mathew David Ryan;GK;1;0;1;0;0;0,0;0;0,0;0;0;0;0,0;0;0;0,0;0,0;0,0;0,0
365;Milos Degenek;DEF;0;0;0;0;0;0,0;0;0,0;0;0;0;0,0;0;0;;;;
366;Alessandro Circati;DEF;4;4;390;98;0;0,0;0;0,0;1;0;1;0,25;0;0;;;;
367;Jacob Michael Italiano;DEF;2;2;164;82;0;0,0;0;0,0;1;0;1;0,5;0;0;;;;
368;Jordan Jacob Bos;DEF;4;4;309;77;0;0,0;0;0,0;1;0;1;0,25;0;0;;;;
369;Jason Kato Geria;DEF;2;0;60;0;0;0,0;0;0,0;0;0;0;0,0;0;0;;;;
370;Mathew Allan Leckie;FWD;1;1;61;61;0;0,0;0;0,0;0;0;0;0,0;0;0;;;;
371;Connor Isaac Metcalfe;MID;4;3;315;105;1;0,25;0;0,0;0;0;0;0,0;0;0;;;;
372;Mohamed Toure;FWD;3;2;166;83;0;0,0;0;0,0;0;0;0;0,0;0;0;;;;
373;Ajdin Hrustic;FWD;2;0;78;0;0;0,0;0;0,0;0;0;0;0,0;0;0;;;;
374;Awer Bul Mabil;FWD;1;0;29;0;0;0,0;0;0,0;0;0;0;0,0;0;0;;;;
375;Paul David Izzo;GK;0;0;0;0;0;0,0;0;0,0;0;0;0;0,0;0;0;0,0;0,0;0,0;0,0
376;Aiden Connor Oneill;MID;4;4;361;90;0;0,0;0;0,0;0;0;0;0,0;0;0;;;;
377;Cameron Peter Devlin;MID;0;0;0;0;0;0,0;0;0,0;0;0;0;0,0;0;0;;;;
378;Kai Clifton Trewin;DEF;1;0;74;0;0;0,0;0;0,0;0;0;0;0,0;0;0;;;;
379;Aziz Behich;DEF;3;2;217;109;0;0,0;0;0,0;0;0;0;0,0;0;0;;;;
380;Nestory Irankunda;FWD;4;3;263;88;1;0,25;0;0,0;0;0;0;0,0;0;0;;;;
381;Patrick Thomas Beach;GK;4;4;389;97;0;0,0;0;0,0;0;0;0;0,0;0;0;2,0;11,0;3,0;78,6
382;Harry James Souttar;DEF;4;4;390;98;0;0,0;0;0,0;1;0;1;0,25;0;0;;;;
383;Cristian Volpato;FWD;3;2;161;81;0;0,0;0;0,0;0;0;0;0,0;0;0;;;;
384;Cameron Robert Burgess;DEF;2;2;136;68;1;0,5;0;0,0;0;0;0;0,0;0;0;;;;
385;Jackson Alexander Irvine;MID;4;2;223;112;0;0,0;0;0,0;1;0;1;0,25;0;0;;;;
386;Nishan Matthew Velupillay;FWD;2;1;75;75;0;0,0;0;0,0;0;0;0;0,0;0;0;;;;
387;Paul Michael Junior Okon-Engstler;MID;4;2;196;98;0;0,0;1;0,25;0;0;0;0,0;0;0;;;;
388;Lucas Herrington;DEF;2;2;210;105;0;0,0;0;0,0;0;0;0;0,0;0;0;;;;
389;Tete Owen Yengi;FWD;2;0;22;0;0;0,0;0;0,0;0;0;0;0,0;0;0;;;;
390;Fehmi Mert Gunok;GK;0;0;0;0;0;0,0;0;0,0;0;0;0;0,0;0;0;0,0;0,0;0,0;0,0
391;Mehmet Zeki Celik;DEF;2;2;164;82;0;0,0;0;0,0;0;0;0;0,0;0;0;;;;
392;Merih Demiral;DEF;2;2;180;90;0;0,0;0;0,0;0;0;0;0,0;0;0;;;;
393;Ça ğ lar Soyuncu;DEF;1;0;6;0;0;0,0;0;0,0;0;0;0;0,0;0;0;;;;
394;Salih Ozcan;MID;2;1;100;100;0;0,0;0;0,0;0;0;0;0,0;0;0;;;;
395;Orkun Kokcu;MID;3;2;154;77;1;0,33;0;0,0;0;0;0;0,0;0;0;;;;
396;Muhammed Kerem Akturkoglu;FWD;2;2;131;66;0;0,0;0;0,0;0;0;0;0,0;0;0;;;;
397;Arda Guler;FWD;3;3;270;90;1;0,33;0;0,0;0;0;0;0,0;0;0;;;;
398;Deniz Daniel Gul;FWD;2;0;35;0;0;0,0;0;0,0;0;0;0;0,0;0;0;;;;
399;Hakan Calhanoglu;MID;2;2;180;90;0;0,0;0;0,0;0;0;0;0,0;0;0;;;;
400;Kenan Yildiz;FWD;3;2;218;109;0;0,0;0;0,0;0;0;0;0,0;0;0;;;;
401;Altay Bayindir;GK;0;0;0;0;0;0,0;0;0,0;0;0;0;0,0;0;0;0,0;0,0;0,0;0,0
402;Evren Eren Elmali;DEF;2;1;110;110;0;0,0;1;0,5;1;0;1;0,5;0;0;;;;
403;Abdülker Bardakci;DEF;3;3;266;89;0;0,0;0;0,0;0;0;0;0,0;0;0;;;;
404;Ozan Muhammed Kabak;DEF;1;1;90;90;0;0,0;0;0,0;0;0;0;0,0;0;0;;;;
405;Ismailİsma Yuksek;MID;2;2;140;70;0;0,0;0;0,0;0;0;0;0,0;0;0;;;;
406;Can İrfan Kahveci;FWD;3;1;101;101;0;0,0;0;0,0;0;0;0;0,0;0;0;;;;
407;Mert Muldur;DEF;0;0;0;0;0;0,0;0;0,0;0;0;0;0,0;0;0;;;;
408;Yunus Akgun;FWD;2;1;88;88;0;0,0;0;0,0;1;0;1;0,5;0;0;;;;
409;Ferdi Erenay Kadioglu;DEF;2;2;160;80;0;0,0;0;0,0;0;0;0;0,0;0;0;;;;
410;Barı ş Alper Yilmaz;FWD;3;2;180;90;0;0,0;0;0,0;0;0;0;0,0;0;0;;;;
411;Kaan Ayhan;MID;1;0;2;0;1;1,0;0;0,0;0;0;0;0,0;0;0;;;;
412;Ugurcan Cakir;GK;3;3;270;90;0;0,0;0;0,0;0;0;0;0,0;0;0;0,0;7,0;5,0;58,3
413;Oguz Aydin;FWD;1;1;90;90;0;0,0;0;0,0;0;0;0;0,0;0;0;;;;
414;Samet Akaydin;DEF;0;0;0;0;0;0,0;0;0,0;0;0;0;0,0;0;0;;;;
415;Can Yılmaz Uzun;FWD;2;0;36;0;0;0,0;1;0,5;0;0;0;0,0;0;0;;;;
416;Manuel Peter Neuer;GK;4;4;390;98;0;0,0;0;0,0;0;0;0;0,0;0;0;0,0;8,0;5,0;61,5
417;Antonio Ruediger;DEF;4;2;262;131;0;0,0;0;0,0;1;0;1;0,25;0;0;;;;
418;Waldemar Anton;DEF;2;0;48;0;0;0,0;0;0,0;0;0;0;0,0;0;0;;;;
419;Jonathan Glao Tah;DEF;4;4;372;93;0;0,0;0;0,0;0;0;0;0,0;0;0;;;;
420;Aleksandar Pavlovic;MID;4;4;275;69;0;0,0;0;0,0;1;0;1;0,25;0;0;;;;
421;Joshua Walter Kimmich;DEF;4;4;353;88;0;0,0;2;0,5;0;0;0;0,0;0;0;;;;
422;Kai Lukas Havertz;FWD;4;4;355;89;3;0,75;0;0,0;1;0;1;0,25;1;0;;;;
423;Leon Christoph Goretzka;MID;3;0;97;0;0;0,0;0;0,0;0;0;0;0,0;0;0;;;;
424;Jamie Jaleel Jeremy Leweling;MID;1;0;30;0;0;0,0;0;0,0;0;0;0;0,0;0;0;;;;
425;Jamal Musiala;MID;4;3;271;90;1;0,25;0;0,0;1;0;1;0,25;0;0;;;;
426;Nick Woltemade;FWD;1;0;32;0;0;0,0;0;0,0;0;0;0;0,0;0;0;;;;
427;Oliver Baumann;GK;0;0;0;0;0;0,0;0;0,0;0;0;0;0,0;0;0;0,0;0,0;0,0;0,0
428;Pascal Alexander GROß GROß Gross;MID;1;0;17;0;0;0,0;0;0,0;0;0;0;0,0;0;0;;;;
429;Maximilian Beier;FWD;1;0;26;0;0;0,0;0;0,0;0;0;0;0,0;0;0;;;;
430;Nico Cédric Schlotterbeck;DEF;2;2;136;68;1;0,5;0;0,0;0;0;0;0,0;0;0;;;;
431;Angelo Nicolas Stiller;MID;1;0;44;0;0;0,0;0;0,0;0;0;0;0,0;0;0;;;;
432;Florian Richard Wirtz;MID;4;4;363;91;0;0,0;3;0,75;0;0;0;0,0;0;0;;;;
433;Nathaniel Christopher Brown;DEF;3;3;282;94;1;0,33;1;0,33;0;0;0;0,0;0;0;;;;
434;Leroy Aziz Sane;MID;4;4;328;82;1;0,25;0;0,0;0;0;0;0,0;0;0;;;;
435;Nadiem Amiri;MID;2;0;40;0;0;0,0;1;0,5;0;0;0;0,0;0;0;;;;
436;Alexander Nuebel;GK;0;0;0;0;0;0,0;0;0,0;0;0;0;0,0;0;0;0,0;0,0;0,0;0,0
437;David Raum;DEF;2;1;108;108;0;0,0;0;0,0;0;0;0;0,0;0;0;;;;
438;Felix Kalu Nmecha;MID;4;4;272;68;1;0,25;1;0,25;0;0;0;0,0;0;0;;;;
439;Malick Thiaw;DEF;2;0;40;0;0;0,0;0;0,0;0;0;0;0,0;0;0;;;;
440;Forzan Assan Ouedraogo;MID;0;0;0;0;0;0,0;0;0,0;0;0;0;0,0;0;0;;;;
441;Deniz Undav;FWD;4;1;149;149;3;0,75;2;0,5;0;0;0;0,0;0;0;;;;
442;Eloy Victor Room;GK;3;3;270;90;0;0,0;0;0,0;0;0;0;0,0;0;0;1,0;25,0;9,0;73,5
443;Shurandy Ruggerio Sambo;DEF;1;0;1;0;0;0,0;0;0,0;0;0;0;0,0;0;0;;;;
444;Juriën Godfried Juan Gaari;DEF;2;2;167;84;0;0,0;0;0,0;1;0;1;0,5;0;0;;;;
445;Róshón Felix Romar Jordan Van Eijma;DEF;1;0;15;0;0;0,0;0;0,0;0;0;0;0,0;0;0;;;;
446;Sherel Constancio Floranus;DEF;3;3;270;90;0;0,0;0;0,0;0;0;0;0,0;0;0;;;;
447;Godfried Roemeratoe;MID;1;0;7;0;0;0,0;0;0,0;0;0;0;0,0;0;0;;;;
448;Juninho Gracielo Bacuna;MID;3;3;255;85;0;0,0;0;0,0;2;0;2;0,67;0;0;;;;
449;Livano Shyron Liomar Comenencia;MID;3;3;234;78;1;0,33;0;0,0;1;0;1;0,33;0;0;;;;
450;Jürgen Leonardo Locadia;FWD;3;3;238;79;0;0,0;0;0,0;0;0;0;0,0;0;0;;;;
451;Leandro Jones Johan Bacuna;MID;3;3;270;90;0;0,0;0;0,0;1;0;1;0,33;0;0;;;;
452;Jeremy Cornelis Jacobus Antonisse;FWD;2;0;73;0;0;0,0;0;0,0;0;0;0;0,0;0;0;;;;
453;Juniffer Naigelino Hansen;FWD;1;1;46;46;0;0,0;0;0,0;0;0;0;0,0;0;0;;;;
454;Tyrese Yurvencey Noslin;FWD;1;0;13;0;0;0,0;0;0,0;0;0;0;0,0;0;0;;;;
455;Kenji Joël Gorre;FWD;1;0;15;0;0;0,0;0;0,0;0;0;0;0,0;0;0;;;;
456;Jainel Archenir Martha;MID;0;0;0;0;0;0,0;0;0,0;0;0;0;0,0;0;0;;;;
457;Jearl Erwin Margaritha;FWD;2;0;40;0;0;0,0;0;0,0;0;0;0;0,0;0;0;;;;
458;Brandley Mack-Olien Kuwas;FWD;1;0;1;0;0;0,0;0;0,0;0;0;0;0,0;0;0;;;;
459;Armando Maria Obispo;DEF;3;3;270;90;0;0,0;0;0,0;0;0;0;0,0;0;0;;;;
460;Gervane Zjandric Adonnis Kastaneer;FWD;3;0;28;0;0;0,0;0;0,0;2;0;2;0,67;0;0;;;;
461;Joshua Benjamin Brenet;DEF;2;2;180;90;0;0,0;0;0,0;0;0;0;0,0;0;0;;;;
462;Tahith Jose Girigorio Djorkaef Chong;MID;3;3;247;82;0;0,0;0;0,0;0;0;0;0,0;0;0;;;;
463;Kevin Antonio Felida;MID;0;0;0;0;0;0,0;0;0,0;0;0;0;0,0;0;0;;;;
464;Riechedly Guillermo Bazoer;DEF;1;1;90;90;0;0,0;0;0,0;0;0;0;0,0;0;0;;;;
465;Deveron Lenny Fonville;DEF;3;3;242;81;0;0,0;0;0,0;0;0;0;0,0;0;0;;;;
466;Tyrick Jeremy Bodak;GK;0;0;0;0;0;0,0;0;0,0;0;0;0;0,0;0;0;0,0;0,0;0,0;0,0
467;Trevor Irving Doornbusch;GK;0;0;0;0;0;0,0;0;0,0;0;0;0;0,0;0;0;0,0;0,0;0,0;0,0
468;Yahia Fofana;GK;4;4;360;90;0;0,0;0;0,0;0;0;0;0,0;0;0;2,0;12,0;4,0;75,0
469;Ousmane Diomande;DEF;1;1;90;90;0;0,0;0;0,0;0;0;0;0,0;0;0;;;;
470;N'clomande Ghislain Konan;DEF;3;3;270;90;0;0,0;0;0,0;0;0;0;0,0;0;0;;;;
471;Jean Michael Seri;MID;1;0;13;0;0;0,0;0;0,0;0;0;0;0,0;0;0;;;;
472;Wilfried Stephane Singo;DEF;2;2;172;86;0;0,0;1;0,5;0;0;0;0,0;0;0;;;;
473;Seko Mohamed Fofana;MID;2;1;92;92;0;0,0;0;0,0;1;0;1;0,5;0;0;;;;
474;Odilon Dorgeless Kossounou;DEF;4;3;271;90;0;0,0;0;0,0;0;0;0;0,0;0;0;;;;
475;Franck Yannick Kessie;MID;4;4;347;87;1;0,25;0;0,0;1;0;1;0,25;0;0;;;;
476;Ange-Yoan Laurent Bonny;FWD;4;3;236;79;0;0,0;0;0,0;0;0;0;0,0;0;0;;;;
477;Simon Adingra;FWD;1;0;15;0;0;0,0;0;0,0;0;0;0;0,0;0;0;;;;
478;Yan Diomande;FWD;4;4;332;83;0;0,0;1;0,25;0;0;0;0,0;0;0;;;;
479;Elye Delmas Wahi;FWD;3;1;109;109;0;0,0;0;0,0;0;0;0;0,0;0;0;;;;
480;Christopher Tea Domoraud Operi;DEF;1;1;90;90;0;0,0;0;0,0;0;0;0;0,0;0;0;;;;
481;Oumar Diakite;FWD;2;0;26;0;0;0,0;0;0,0;0;0;0;0,0;0;0;;;;
482;Amad Diallo;FWD;4;2;185;93;2;0,5;0;0,0;0;0;0;0,0;0;0;;;;
483;Mohamed Kone;GK;0;0;0;0;0;0,0;0;0,0;0;0;0;0,0;0;0;0,0;0,0;0,0;0,0
484;Guela Maho-Lewis Doue;DEF;4;3;277;92;0;0,0;0;0,0;1;0;1;0,25;0;0;;;;
485;Ibrahim Sangare;MID;4;3;268;89;0;0,0;0;0,0;0;0;0;0,0;0;0;;;;
486;Nicolas Pepe;FWD;4;3;236;79;2;0,5;0;0,0;1;0;1;0,25;0;0;;;;
487;Emmanuel Elysee Djedje Agbadou;DEF;3;3;270;90;0;0,0;0;0,0;0;0;0;0,0;0;0;;;;
488;Obite Evan Ndicka;DEF;0;0;0;0;0;0,0;0;0,0;0;0;0;0,0;0;0;;;;
489;Evann Ludovic Vidjannagni Guessand;FWD;2;0;16;0;0;0,0;0;0,0;0;0;0;0,0;0;0;;;;
490;Alban-Marc Lafont;GK;0;0;0;0;0;0,0;0;0,0;0;0;0;0,0;0;0;0,0;0,0;0,0;0,0
491;Bazoumana Toure;FWD;3;1;80;80;0;0,0;0;0,0;0;0;0;0,0;0;0;;;;
492;Parfait Guiagon;MID;0;0;0;0;0;0,0;0;0,0;0;0;0;0,0;0;0;;;;
493;Christ Ravynel Inao Oulai;MID;4;2;207;104;0;0,0;0;0,0;0;0;0;0,0;0;0;;;;
494;Hernán Ismael Galindez;GK;4;4;360;90;0;0,0;0;0,0;0;0;0;0,0;0;0;1,0;25,0;4,0;86,2
495;Félix Eduardo Torres;DEF;1;0;5;0;0;0,0;0;0,0;0;0;0;0,0;0;0;;;;
496;Piero Martin Hincapie;DEF;4;4;341;85;0;0,0;0;0,0;1;1;2;0,5;0;0;;;;
497;Joel Leandro Ordonez;DEF;3;3;226;75;0;0,0;0;0,0;0;0;0;0,0;0;0;;;;
498;Jordy Jose Alcivar;MID;1;1;46;46;0;0,0;0;0,0;1;0;1;1,0;0;0;;;;
499;Willian Joel Pacho;DEF;4;4;360;90;0;0,0;0;0,0;0;0;0;0,0;0;0;;;;
500;Pervis Josue Estupinan;DEF;2;1;90;90;0;0,0;0;0,0;0;0;0;0,0;0;0;;;;
501;Anthony Lenin Valencia;MID;0;0;0;0;0;0,0;0;0,0;0;0;0;0,0;0;0;;;;
502;John Yeboah;FWD;4;4;315;79;0;0,0;0;0,0;0;0;0;0,0;0;0;;;;
503;Ray Kendry Paez;MID;1;0;11;0;0;0,0;0;0,0;1;0;1;1,0;0;0;;;;
504;Kevin Jose Rodriguez;FWD;4;0;114;0;0;0,0;0;0,0;0;0;0;0,0;0;0;;;;
505;Wellington Moisés Ramirez;GK;0;0;0;0;0;0,0;0;0,0;0;0;0;0,0;0;0;0,0;0,0;0,0;0,0
506;Enner Remberto Valencia;FWD;4;4;290;73;0;0,0;0;0,0;0;0;0;0,0;0;0;;;;
507;Alan Steve Minda;MID;1;1;56;56;0;0,0;0;0,0;0;0;0;0,0;0;0;;;;
508;Pedro Jeampierre Vite;MID;4;4;360;90;0;0,0;1;0,25;0;0;0;0,0;0;0;;;;
509;Jordy Josue Caicedo;FWD;3;0;17;0;0;0,0;0;0,0;0;0;0;0,0;0;0;;;;
510;Ángelo Smit Preciado;DEF;4;0;105;0;0;0,0;0;0,0;0;0;0;0,0;0;0;;;;
511;Denil Daniel Castillo;MID;0;0;0;0;0;0,0;0;0,0;0;0;0;0,0;0;0;;;;
512;Gonzalo Jordy Plata;FWD;4;4;360;90;1;0,25;0;0,0;1;0;1;0,25;0;0;;;;
513;Nilson David Angulo;FWD;4;2;217;109;1;0,25;0;0,0;0;0;0;0,0;0;0;;;;
514;Alan Steven Franco;MID;4;4;255;64;0;0,0;0;0,0;2;0;2;0,5;0;0;;;;
515;Gonzalo Roberto Valle;GK;0;0;0;0;0;0,0;0;0,0;0;0;0;0,0;0;0;0,0;0,0;0,0;0,0
516;Moisés Isaac Caicedo;MID;4;4;360;90;0;0,0;1;0,25;1;0;1;0,25;0;0;;;;
517;Jeremy Alberto Arevalo;FWD;0;0;0;0;0;0,0;0;0,0;0;0;0;0,0;0;0;;;;
518;Jackson Gabriel Porozo;DEF;1;0;28;0;0;0,0;0;0,0;1;0;1;1,0;0;0;;;;
519;Yaimar Abel Medina;DEF;1;0;44;0;0;0,0;0;0,0;0;0;0;0,0;0;0;;;;
520;Bart Verbruggen;GK;4;4;390;98;0;0,0;0;0,0;0;0;0;0,0;0;0;0,0;12,0;5,0;70,6
521;Lutsharel Emiliano Geertruida;DEF;0;0;0;0;0;0,0;0;0,0;0;0;0;0,0;0;0;;;;
522;Marten Elco De Roon;MID;1;0;10;0;0;0,0;0;0,0;0;0;0;0,0;0;0;;;;
523;Virgil Van Dijk;DEF;4;4;390;98;1;0,25;0;0,0;0;0;0;0,0;0;0;;;;
524;Nathan Benjamin Ake;DEF;3;2;170;85;0;0,0;0;0,0;1;0;1;0,33;0;0;;;;
525;Paul Jan-Paul Van Hecke;DEF;4;4;390;98;1;0,25;0;0,0;0;0;0;0,0;0;0;;;;
526;Justin Dean Kluivert;MID;2;0;25;0;0;0,0;0;0,0;0;0;0;0,0;0;0;;;;
527;Ryan Jiro Gravenberch;MID;4;4;347;87;0;0,0;2;0,5;0;0;0;0,0;0;0;;;;
528;Wout François Maria Weghorst;FWD;1;0;49;0;0;0,0;0;0,0;0;0;0;0,0;0;0;;;;
529;Memphis Depay;FWD;3;0;51;0;0;0,0;1;0,33;1;0;1;0,33;0;0;;;;
530;Cody Mathès Gakpo;FWD;4;4;372;93;3;0,75;1;0,25;0;0;0;0,0;0;0;;;;
531;Mats Henrik Berne Wieffer;DEF;0;0;0;0;0;0,0;0;0,0;0;0;0;0,0;0;0;;;;
532;Robin Gerardus Petrus Roefs;GK;0;0;0;0;0;0,0;0;0,0;0;0;0;0,0;0;0;0,0;0,0;0,0;0,0
533;Tijjani Martinus Jan Reijnders;MID;3;3;201;67;0;0,0;0;0,0;0;0;0;0,0;0;0;;;;
534;Micky Van De Ven;DEF;3;3;266;89;0;0,0;0;0,0;1;0;1;0,33;0;0;;;;
535;Guus Berend Til;MID;1;0;31;0;0;0,0;0;0,0;0;0;0;0,0;0;0;;;;
536;Noa Noëll Lang;FWD;2;0;7;0;0;0,0;0;0,0;0;0;0;0,0;0;0;;;;
537;Donyell Malen;FWD;3;3;188;63;0;0,0;0;0,0;0;0;0;0,0;0;0;;;;
538;Brian Ebenezer Adjei Brobbey;FWD;4;3;225;75;3;0,75;0;0,0;0;0;0;0,0;0;0;;;;
539;Teun Koopmeiners;MID;4;0;118;0;0;0,0;0;0,0;0;0;0;0,0;0;0;;;;
540;Frenkie De Jong;MID;4;4;331;83;0;0,0;0;0,0;0;0;0;0,0;0;0;;;;
541;Denzel Justus Morris Dumfries;DEF;4;4;390;98;0;0,0;2;0,5;0;0;0;0,0;0;0;;;;
542;Mark Maria Hubertus Flekken;GK;0;0;0;0;0;0,0;0;0,0;0;0;0;0,0;0;0;0,0;0,0;0,0;0,0
543;Crysencio Jilbert Sylverio Cir Summerville;FWD;4;2;252;126;2;0,5;2;0,5;1;0;1;0,25;0;0;;;;
544;Jorrel Evan Hato;DEF;1;0;34;0;0;0,0;0;0,0;0;0;0;0,0;0;0;;;;
545;Quinten Ryan Crispito Timber;MID;2;0;54;0;0;0,0;0;0,0;0;0;0;0,0;0;0;;;;
546;Zion Suzuki;GK;4;4;360;90;0;0,0;0;0,0;0;0;0;0,0;0;0;1,0;11,0;5,0;68,8
547;Yukinari Sugawara;DEF;4;1;145;145;0;0,0;0;0,0;0;0;0;0,0;0;0;;;;
548;Shogo Taniguchi;DEF;3;2;231;116;0;0,0;0;0,0;1;0;1;0,33;0;0;;;;
549;Kou Itakura;DEF;2;2;129;65;0;0,0;0;0,0;0;0;0;0,0;0;0;;;;
550;Yuto Nagatomo;DEF;1;0;15;0;0;0,0;0;0,0;0;0;0;0,0;0;0;;;;
551;Shuto Machino;FWD;1;0;12;0;0;0,0;0;0,0;0;0;0;0,0;0;0;;;;
552;Ao Tanaka;MID;3;2;192;96;0;0,0;0;0,0;0;0;0;0,0;0;0;;;;
553;Takefusa Kubo;MID;1;1;75;75;0;0,0;1;1,0;0;0;0;0,0;0;0;;;;
554;Keisuke Goto;FWD;1;0;6;0;0;0,0;0;0,0;0;0;0;0,0;0;0;;;;
555;Ritsu Doan;MID;4;4;281;70;0;0,0;0;0,0;0;0;0;0,0;0;0;;;;
556;Daizen Maeda;MID;3;3;246;82;1;0,33;0;0,0;0;0;0;0,0;0;0;;;;
557;Keisuke Osako;GK;0;0;0;0;0;0,0;0;0,0;0;0;0;0,0;0;0;0,0;0,0;0,0;0,0
558;Keito Nakamura;MID;4;4;309;77;1;0,25;2;0,5;0;0;0;0,0;0;0;;;;
559;Junya Ito;MID;4;2;216;108;1;0,25;0;0,0;0;0;0;0,0;0;0;;;;
560;Daichi Kamada;MID;4;4;332;83;2;0,5;0;0,0;1;0;1;0,25;0;0;;;;
561;Tsuyoshi Watanabe;DEF;2;1;90;90;0;0,0;0;0,0;0;0;0;0,0;0;0;;;;
562;Yuito Suzuki;MID;1;0;12;0;0;0,0;0;0,0;0;0;0;0,0;0;0;;;;
563;Ayase Ueda;FWD;4;4;324;81;2;0,5;1;0,25;0;0;0;0,0;0;0;;;;
564;Koki Ogawa;FWD;3;0;40;0;0;0,0;1;0,33;0;0;0;0,0;0;0;;;;
565;Ayumu Seko;DEF;2;1;87;87;0;0,0;0;0,0;0;0;0;0,0;0;0;;;;
566;Hiroki Ito;DEF;4;4;360;90;0;0,0;0;0,0;0;0;0;0,0;0;0;;;;
567;Takehiro Tomiyasu;DEF;3;2;183;92;0;0,0;0;0,0;0;0;0;0,0;0;0;;;;
568;Tomoki Hayakawa;GK;0;0;0;0;0;0,0;0;0,0;0;0;0;0,0;0;0;0,0;0,0;0,0;0,0
569;Kaishu Sano;MID;3;3;270;90;1;0,33;1;0,33;1;0;1;0,33;0;0;;;;
570;Junnosuke Suzuki;DEF;2;0;40;0;0;0,0;0;0,0;1;0;1;0,5;0;0;;;;
571;Kento Shiogai;FWD;1;0;6;0;0;0,0;0;0,0;0;0;0;0,0;0;0;;;;
572;Jacob Mikael Widell Zetterstrom;GK;2;2;180;90;0;0,0;0;0,0;0;0;0;0,0;0;0;0,0;13,0;4,0;76,5
573;Gustaf Johan Lagerbielke;DEF;4;4;360;90;0;0,0;0;0,0;0;0;0;0,0;0;0;;;;
574;Victor Jörgen Lindelof;DEF;4;4;357;89;0;0,0;0;0,0;0;0;0;0,0;0;0;;;;
575;Isak Malcolm Kwaku Hien;DEF;3;3;217;72;0;0,0;0;0,0;1;0;1;0,33;0;0;;;;
576;Gabriel Johan Gudmundsson;DEF;4;4;332;83;0;0,0;0;0,0;1;0;1;0,25;0;0;;;;
577;Herman Nils Johansson;DEF;0;0;0;0;0;0,0;0;0,0;0;0;0;0,0;0;0;;;;
578;Lucas Erik Holger Bergvall;MID;4;1;179;179;0;0,0;1;0,25;1;0;1;0,25;0;0;;;;
579;Daniel Jonathan Svensson;DEF;3;1;98;98;0;0,0;0;0,0;0;0;0;0,0;0;0;;;;
580;Alexander Isak;FWD;4;4;359;90;1;0,25;3;0,75;0;0;0;0,0;0;0;;;;
581;Erik Benjamin Nygren;MID;4;2;131;66;0;0,0;0;0,0;0;0;0;0,0;0;0;;;;
582;Anthony David Junior Elanga;FWD;4;2;216;108;2;0,5;0;0,0;0;0;0;0,0;0;0;;;;
583;Tobias Viktor Johansson;GK;0;0;0;0;0;0,0;0;0,0;0;0;0;0,0;0;0;0,0;0,0;0,0;0,0
584;Ken Sema;MID;1;0;15;0;0;0,0;0;0,0;0;0;0;0,0;0;0;;;;
585;Hjalmar Ekdal;DEF;0;0;0;0;0;0,0;0;0,0;0;0;0;0,0;0;0;;;;
586;Carl Anders Theodor Starfelt;DEF;1;0;3;0;0;0,0;0;0,0;0;0;0;0,0;0;0;;;;
587;Jesper Kewe Karlstrom;MID;2;2;139;70;0;0,0;0;0,0;0;0;0;0,0;0;0;;;;
588;Viktor Einar Gyokeres;FWD;4;4;360;90;1;0,25;1;0,25;1;0;1;0,25;0;0;;;;
589;Yasin Ayari;MID;4;4;341;85;2;0,5;0;0,0;1;0;1;0,25;0;0;;;;
590;Mattias Olof Svanberg;MID;2;0;14;0;1;0,5;0;0,0;0;0;0;0,0;0;0;;;;
591;Eric Anders Smith;DEF;0;0;0;0;0;0,0;0;0,0;0;0;0;0,0;0;0;;;;
592;Alexander Olof Bernhardsson;DEF;3;3;220;73;0;0,0;0;0,0;0;0;0;0,0;0;0;;;;
593;Besfort Zeneli;MID;2;0;59;0;0;0,0;0;0,0;0;0;0;0,0;0;0;;;;
594;Bo Kristoffer Nordfeldt;GK;2;2;180;90;0;0,0;0;0,0;0;0;0;0,0;0;0;0,0;8,0;6,0;57,1
595;Elliot Karl Stroud;DEF;4;2;167;84;0;0,0;0;0,0;0;0;0;0,0;0;0;;;;
596;Håkan Gustaf Nilsson;FWD;1;0;1;0;0;0,0;0;0,0;0;0;0;0,0;0;0;;;;
597;Taha Abdi Ali;FWD;2;0;35;0;0;0,0;0;0,0;0;0;0;0,0;0;0;;;;
598;Abdelmouhib Chamakh;GK;1;1;90;90;0;0,0;0;0,0;0;0;0;0,0;0;0;0,0;6,0;5,0;54,5
599;Ali Abdi;DEF;3;3;270;90;0;0,0;0;0,0;0;0;0;0,0;0;0;;;;
600;Montassar Omar Talbi;DEF;3;3;270;90;0;0,0;0;0,0;0;0;0;0,0;0;0;;;;
601;Omar Rekik;DEF;2;2;180;90;1;0,5;0;0,0;0;0;0;0,0;0;0;;;;
602;Adam Arous;DEF;0;0;0;0;0;0,0;0;0,0;0;0;0;0,0;0;0;;;;
603;Dylan Daniel Mahmoud Bronn;DEF;1;1;46;46;0;0,0;0;0,0;0;0;0;0,0;0;0;;;;
604;Mohamed Elyes Achouri;FWD;3;0;42;0;0;0,0;0;0,0;0;0;0;0,0;0;0;;;;
605;Elias Saad;FWD;2;2;118;59;0;0,0;0;0,0;0;0;0;0,0;0;0;;;;
606;Hazem Mastouri;FWD;1;1;90;90;1;1,0;0;0,0;0;0;0;0,0;0;0;;;;
607;Hannibal Mejbri;MID;3;3;270;90;0;0,0;1;0,33;0;0;0;0,0;0;0;;;;
608;Ismael Seifallah Gharbi;MID;3;1;125;125;0;0,0;0;0,0;0;0;0;0,0;0;0;;;;
609;Ahmed Mortadha Ben Ouanes;DEF;1;0;23;0;0;0,0;0;0,0;0;0;0;0,0;0;0;;;;
610;Rani Khedira;MID;3;2;152;76;0;0,0;0;0,0;1;0;1;0,33;0;0;;;;
611;Khalil Ayari;MID;0;0;0;0;0;0,0;0;0,0;0;0;0;0,0;0;0;;;;
612;Mohamed Hadj Mahmoud;MID;2;0;41;0;0;0,0;0;0,0;0;0;0;0,0;0;0;;;;
613;Aymen Dahmen;GK;2;2;180;90;0;0,0;0;0,0;0;0;0;0,0;0;0;0,0;7,0;7,0;50,0
614;Ellyes Joris Skhiri;MID;3;3;252;84;0;0,0;0;0,0;0;0;0;0,0;0;1;;;;
615;Rayan Elloumi;FWD;0;0;0;0;0;0,0;0;0,0;0;0;0;0,0;0;0;;;;
616;Firas Chaouat;FWD;3;0;47;0;0;0,0;0;0,0;0;0;0;0,0;0;0;;;;
617;Yan Valery;DEF;3;3;252;84;0;0,0;0;0,0;0;0;0;0,0;0;0;;;;
618;Mohamed Amine Ben Hmida;DEF;3;2;201;101;0;0,0;0;0,0;0;0;0;0,0;0;0;;;;
619;Sabri Ben Hessen;GK;0;0;0;0;0;0,0;0;0,0;0;0;0;0,0;0;0;0,0;0,0;0,0;0,0
620;Moutaz Neffati;DEF;0;0;0;0;0;0,0;0;0,0;0;0;0;0,0;0;0;;;;
621;Raed Chikhaoui;DEF;0;0;0;0;0;0,0;0;0,0;0;0;0;0,0;0;0;;;;
622;Anis Slimane;MID;3;3;241;80;0;0,0;0;0,0;0;0;0;0,0;0;0;;;;
623;Sebastian Tounekti;MID;3;1;83;83;0;0,0;0;0,0;0;0;0;0,0;0;0;;;;
624;Thibaut Nicolas Courtois;GK;6;6;551;92;0;0,0;0;0,0;0;0;0;0,0;0;0;1,0;15,0;7,0;68,2
625;Zeno Koen Debast;DEF;0;0;0;0;0;0,0;0;0,0;0;0;0;0,0;0;0;;;;
626;Arthur Nicolas Theate;DEF;3;2;227;114;0;0,0;0;0,0;0;0;0;0,0;0;0;;;;
627;Brandon Erik Mechele;DEF;6;6;570;95;0;0,0;0;0,0;1;0;1;0,17;0;0;;;;
628;Maxim Peter De Cuyper;DEF;6;5;443;89;0;0,0;0;0,0;1;0;1;0,17;0;0;;;;
629;Axel Laurent Witsel;MID;2;0;31;0;0;0,0;0;0,0;1;0;1;0,5;0;0;;;;
630;Kevin De Bruyne;MID;5;5;387;77;1;0,2;0;0,0;1;0;1;0,2;0;0;;;;
631;Youri Marion Tielemans;MID;5;5;475;95;2;0,4;0;0,0;0;0;0;0,0;1;0;;;;
632;Romelu Lukaku;FWD;6;1;229;229;3;0,5;0;0,0;1;0;1;0,17;0;0;;;;
633;Leandro Trossard;FWD;6;6;510;85;2;0,33;2;0,33;0;0;0;0,0;0;0;;;;
634;Jeremy Baffour Doku;FWD;5;4;311;78;0;0,0;0;0,0;0;0;0;0,0;0;0;;;;
635;Senne Lammens;GK;1;0;19;0;0;0,0;0;0,0;0;0;0;0,0;0;0;0,0;0,0;0,0;0,0
636;Mike Louis Penders;GK;0;0;0;0;0;0,0;0;0,0;0;0;0;0,0;0;0;0,0;0,0;0,0;0,0
637;Dodi Lukebakio;FWD;3;1;163;163;0;0,0;0;0,0;0;0;0;0,0;0;0;;;;
638;Thomas Andre Meunier;DEF;3;2;190;95;0;0,0;1;0,33;0;0;0;0,0;0;0;;;;
639;Koni De Winter;DEF;0;0;0;0;0;0,0;0;0,0;0;0;0;0,0;0;0;;;;
640;Charles Marc De Ketelaere;FWD;5;5;354;71;3;0,6;0;0,0;0;0;0;0,0;0;0;;;;
641;Joaquin Ronny Seys;DEF;1;0;29;0;0;0,0;0;0,0;0;0;0;0,0;0;0;;;;
642;Diego Manuel Moreira;MID;1;0;57;0;0;0,0;0;0,0;0;0;0;0,0;0;0;;;;
643;Hans Vanaken;MID;6;3;318;106;1;0,17;0;0,0;0;0;0;0,0;0;0;;;;
644;Timothy Castagne;DEF;6;5;478;96;0;0,0;1;0,17;1;0;1;0,17;0;0;;;;
645;Alexis Jesse Saelemaekers;MID;4;1;81;81;1;0,25;0;0,0;0;0;0;0,0;0;0;;;;
646;Nicolas Thierry Raskin;MID;6;3;340;113;0;0,0;1;0,17;0;0;0;0,0;0;0;;;;
647;Amadou Ba Onana;MID;4;2;106;53;0;0,0;0;0,0;0;0;0;0,0;0;0;;;;
648;Nathan Ngoy;DEF;4;4;360;90;0;0,0;0;0,0;0;1;1;0,25;0;0;;;;
649;Matias Fernandez-Pardo;FWD;3;0;41;0;0;0,0;0;0,0;0;0;0;0,0;0;0;;;;
650;Elsayed Mohamed Mohamed Elshenawy;GK;0;0;0;0;0;0,0;0;0,0;0;0;0;0,0;0;0;0,0;0,0;0,0;0,0
651;Ahmed Ibrahim Yasser;DEF;5;4;466;117;1;0,2;0;0,0;1;0;1;0,2;0;0;;;;
652;Hany Gamal Mohamed Hany;DEF;5;5;480;96;0;0,0;1;0,2;0;0;0;0,0;0;2;;;;
653;Abdelmegeed Abdelsalam Hossam Abdelmaguid;DEF;2;0;59;0;0;0,0;0;0,0;0;0;0;0,0;0;0;;;;
654;Abdelaziz Moustafa Ramy Rabia;DEF;5;3;368;123;0;0,0;0;0,0;0;0;0;0,0;0;0;;;;
655;Abdelmoneim Elsayed Mohamed;DEF;2;1;15;15;0;0,0;0;0,0;0;0;0;0,0;0;0;;;;
656;Ahmed Ibrahim Trezeguet;FWD;4;1;161;161;1;0,25;0;0,0;0;0;0;0,0;0;0;;;;
657;Ashour Metwaly Emam;MID;5;5;367;73;2;0,4;0;0,0;1;0;1;0,2;0;0;;;;
658;Mohamed Abdelkarim Hamza;FWD;4;0;56;0;0;0,0;0;0,0;0;0;0;0,0;0;0;;;;
659;Hamed Mahrous Mohamed Salah;FWD;5;5;427;85;1;0,2;3;0,6;0;0;0;0,0;0;0;;;;
660;Mohamed Zaky Mostafa Zico;MID;5;5;375;75;2;0,4;1;0,2;0;0;0;0,0;0;0;;;;
661;Yousry Fouad Haissem Hassan;FWD;2;1;126;126;0;0,0;1;0,5;1;0;1;0,5;0;0;;;;
662;Mohamed Aboelfetouh Ahmed Fatouh;DEF;3;3;268;89;0;0,0;0;0,0;1;0;1;0,33;0;0;;;;
663;Fathy Abdelhalim Hamdy Fathy;MID;4;3;240;80;0;0,0;0;0,0;1;0;1;0,25;0;0;;;;
664;Hafez Ramadan Karim Hafez;DEF;3;2;172;86;0;0,0;0;0,0;0;0;0;0,0;0;0;;;;
665;Mohamed Soliman Mahdy Soliman;GK;0;0;0;0;0;0,0;0;0,0;0;0;0;0,0;0;0;0,0;0,0;0,0;0,0
666;Mostafa Ahmed Mohanad Lashin;MID;4;4;360;90;0;0,0;0;0,0;2;0;2;0,5;0;0;;;;
667;Aly Elmahdy Nabil;MID;0;0;0;0;0;0,0;0;0,0;0;0;0;0,0;0;0;;;;
668;Attia Fahim Marawan Attia;MID;5;4;433;108;0;0,0;0;0,0;2;0;2;0,4;0;0;;;;
669;Adel Aly Mohamed Ibrahim;FWD;1;0;2;0;0;0,0;0;0,0;0;0;0;0,0;0;0;;;;
670;Saber Abdelmohsen Mahmoud;MID;2;1;47;47;1;0,5;0;0,0;1;0;1;0,5;0;0;;;;
671;Mohamed Abdelsalam Omar;FWD;5;3;326;109;0;0,0;0;0,0;0;0;0;0,0;0;0;;;;
672;Abdelaziz Mohame Mostafa;GK;5;5;480;96;0;0,0;0;0,0;1;0;1;0,2;0;0;0,0;11,0;7,0;61,1
673;Abdelghaffar Abdel Tarek Alaa;DEF;0;0;0;0;0;0,0;0;0,0;0;0;0;0,0;0;0;;;;
674;Mostafa Mohamed Zizo;FWD;4;0;54;0;0;0,0;0;0,0;0;0;0;0,0;0;0;;;;
675;Alaaeldin Soliman Mohamed Alaa;GK;0;0;0;0;0;0,0;0;0,0;0;0;0;0,0;0;0;0,0;0,0;0,0;0,0
676;Ali Reza Beiranvand;GK;3;3;270;90;0;0,0;0;0,0;0;0;0;0,0;0;0;1,0;16,0;3,0;84,2
677;Saleh Hardani;DEF;2;1;90;90;0;0,0;0;0,0;0;0;0;0,0;0;0;;;;
678;Ehsan Hajisafi;DEF;2;1;91;91;0;0,0;0;0,0;1;0;1;0,5;0;0;;;;
679;Shojae Khalilzadeh;DEF;3;3;270;90;0;0,0;0;0,0;1;0;1;0,33;0;0;;;;
680;Milad Mohammadi;DEF;3;2;204;102;0;0,0;0;0,0;0;0;0;0,0;0;0;;;;
681;Saeid Ezatolahi;MID;3;3;265;88;0;0,0;0;0,0;2;0;2;0,67;0;0;;;;
682;Alireza Jahanbakhsh;MID;2;0;45;0;0;0,0;0;0,0;0;0;0;0,0;0;0;;;;
683;Mohammad Mohebbi;MID;3;3;246;82;1;0,33;0;0,0;0;0;0;0,0;0;0;;;;
684;Mehdi Taremi;FWD;3;3;260;87;0;0,0;0;0,0;0;0;0;0,0;0;0;;;;
685;Mehdi Ghayedi;FWD;1;0;45;0;0;0,0;0;0,0;0;0;0;0,0;0;0;;;;
686;Ali Alipour;FWD;1;0;37;0;0;0,0;0;0,0;0;0;0;0,0;0;0;;;;
687;Seyedpayam Niazmand;GK;0;0;0;0;0;0,0;0;0,0;0;0;0;0,0;0;0;0,0;0,0;0,0;0,0
688;Mohammadhossein Kanani;DEF;2;2;136;68;0;0,0;0;0,0;1;0;1;0,5;0;0;;;;
689;Seyed Saman Ghoddos;MID;3;3;211;70;0;0,0;0;0,0;0;0;0;0,0;0;0;;;;
690;Roozbeh Cheshmi;MID;0;0;0;0;0;0,0;0;0,0;0;0;0;0,0;0;0;;;;
691;Mahdi Torabi;MID;1;0;24;0;0;0,0;0;0,0;0;0;0;0,0;0;0;;;;
692;Arya Yousefi;DEF;1;1;45;45;0;0,0;0;0,0;0;0;0;0,0;0;0;;;;
693;Amirhossein Hosseinzadeh;FWD;2;0;15;0;0;0,0;0;0,0;0;0;0;0,0;0;0;;;;
694;Ali Nemati;DEF;3;3;270;90;0;0,0;0;0,0;1;0;1;0,33;0;0;;;;
695;Shahriyar Moghanloo;FWD;3;1;87;87;0;0,0;0;0,0;0;0;0;0,0;0;0;;;;
696;Mohammad Ghorbani;MID;1;1;90;90;0;0,0;0;0,0;0;0;0;0,0;0;0;;;;
697;Seyedhossein Hosseini;GK;0;0;0;0;0;0,0;0;0,0;0;0;0;0,0;0;0;0,0;0,0;0,0;0,0
698;Ramin Rezaeian;DEF;3;3;270;90;2;0,67;1;0,33;0;0;0;0,0;0;0;;;;
699;Dennis Dargahi;FWD;0;0;0;0;0;0,0;0;0,0;0;0;0;0,0;0;0;;;;
700;Danial Iri;DEF;0;0;0;0;0;0,0;0;0,0;0;0;0;0,0;0;0;;;;
701;Amirmohammad Razaghinia;MID;0;0;0;0;0;0,0;0;0,0;0;0;0;0,0;0;0;;;;
702;Maxime Teremoana Crocombe;GK;3;3;270;90;0;0,0;0;0,0;0;0;0;0,0;0;0;0,0;18,0;10,0;64,3
703;Timothy John Payne;DEF;3;3;227;76;0;0,0;1;0,33;0;0;0;0,0;0;0;;;;
704;Francis De Vries;DEF;2;0;16;0;0;0,0;0;0,0;0;0;0;0,0;0;0;;;;
705;Tyler Grant Bindon;DEF;3;1;96;96;0;0,0;0;0,0;0;0;0;0,0;0;0;;;;
706;Michael Joseph Boxall;DEF;3;2;206;103;0;0,0;0;0,0;0;0;0;0,0;0;0;;;;
707;Joe Zen Robert Bell;MID;3;3;244;81;0;0,0;0;0,0;0;0;0;0,0;0;0;;;;
708;Logan Tipene Rogerson;FWD;0;0;0;0;0;0,0;0;0,0;0;0;0;0,0;0;0;;;;
709;Marko Seufatu Nikola Stamenic;MID;3;3;270;90;0;0,0;0;0,0;1;0;1;0,33;0;0;;;;
710;Christopher Grant Wood;FWD;3;3;270;90;0;0,0;2;0,67;0;0;0;0,0;0;0;;;;
711;Sarpreet Singh;MID;3;3;212;71;0;0,0;0;0,0;1;0;1;0,33;0;0;;;;
712;Elijah Henry Just;MID;3;3;265;88;3;1,0;0;0,0;1;0;1;0,33;0;0;;;;
713;Alexander Noah Paulsen;GK;0;0;0;0;0;0,0;0;0,0;0;0;0;0,0;0;0;0,0;0,0;0,0;0,0
714;Liberato Gianpaolo Cacace;DEF;3;3;223;74;0;0,0;0;0,0;0;0;0;0,0;0;0;;;;
715;Alex Arthur Rufer;MID;0;0;0;0;0;0,0;0;0,0;0;0;0;0,0;0;0;;;;
716;Nando Zen Pijnaker;DEF;0;0;0;0;0;0,0;0;0,0;0;0;0;0,0;0;0;;;;
717;Finn Surman;DEF;3;3;270;90;1;0,33;0;0,0;0;0;0;0,0;0;0;;;;
718;Kosta Barbarouses;FWD;0;0;0;0;0;0,0;0;0,0;0;0;0;0,0;0;0;;;;
719;Benjamin Peter Waine;FWD;0;0;0;0;0;0,0;0;0,0;0;0;0;0,0;0;0;;;;
720;Benjamin Craig Old;MID;3;0;90;0;0;0,0;0;0,0;0;0;0;0,0;0;0;;;;
722;Jesse Carmichael Randall;FWD;3;0;59;0;0;0,0;0;0,0;0;0;0;0,0;0;0;;;;
723;Michael Cornelis Woud;GK;0;0;0;0;0;0,0;0;0,0;0;0;0;0,0;0;0;0,0;0,0;0,0;0,0
724;Ryan Jared Thomas;MID;3;1;82;82;0;0,0;0;0,0;0;0;0;0,0;0;0;;;;
725;Callan Rennie Elliot;DEF;1;0;12;0;0;0,0;0;0,0;0;0;0;0,0;0;0;;;;
726;Lachlan Ryan Bayliss;MID;0;0;0;0;0;0,0;0;0,0;0;0;0;0,0;0;0;;;;
727;Thomas Jefferson Smith;DEF;0;0;0;0;0;0,0;0;0,0;0;0;0;0,0;0;0;;;;
728;David Raya;GK;0;0;0;0;0;0,0;0;0,0;0;0;0;0,0;0;0;0,0;0,0;0,0;0,0
729;Marc Pubill;DEF;1;0;1;0;0;0,0;0;0,0;0;0;0;0,0;0;0;;;;
730;Alejandro Grimaldo;DEF;0;0;0;0;0;0,0;0;0,0;0;0;0;0,0;0;0;;;;
731;Eric Garcia;DEF;1;0;21;0;0;0,0;0;0,0;0;0;0;0,0;0;0;;;;
732;Marcos Llorente;DEF;3;2;186;93;0;0,0;1;0,33;0;0;0;0,0;0;0;;;;
733;Mikel Merino;MID;8;1;194;194;2;0,25;0;0,0;0;0;0;0,0;0;0;;;;
734;Ferran Torres;FWD;8;1;282;282;1;0,13;1;0,13;1;0;1;0,13;0;0;;;;
735;Fabian Ruiz;MID;8;4;323;81;1;0,13;0;0,0;0;0;0;0,0;0;0;;;;
736;Pablo Gavi;MID;2;1;76;76;0;0,0;0;0,0;0;0;0;0,0;0;0;;;;
737;Daniel Olmo;FWD;8;6;494;82;0;0,0;2;0,25;0;0;0;0,0;0;0;;;;
738;Yeremy Jesús Pino;FWD;2;0;68;0;0;0,0;0;0,0;0;0;0;0,0;0;0;;;;
739;Pedro Antonio Porro;DEF;6;6;564;94;2;0,33;0;0,0;0;0;0;0,0;0;0;;;;
740;Joan Garcia;GK;0;0;0;0;0;0,0;0;0,0;0;0;0;0,0;0;0;0,0;0,0;0,0;0,0
741;Aymeric Laporte;DEF;8;8;729;91;0;0,0;1;0,13;1;0;1;0,13;0;0;;;;
742;Alejandro Baena;MID;7;7;487;70;1;0,14;1;0,14;1;0;1;0,14;0;0;;;;
743;Rodrigo Rodri;MID;8;8;747;93;0;0,0;0;0,0;0;0;0;0,0;0;0;;;;
744;Nicholas Williams;FWD;6;0;108;0;0;0,0;1;0,17;0;0;0;0,0;0;0;;;;
745;Martin Zubimendi;MID;0;0;0;0;0;0,0;0;0,0;0;0;0;0,0;0;0;;;;
746;Lamine Yamal Yamal;FWD;8;7;616;88;1;0,13;0;0,0;0;0;0;0,0;0;0;;;;
747;Pedro Pedri;MID;8;5;499;100;0;0,0;0;0,0;1;0;1;0,13;0;0;;;;
748;Mikel Oyarzabal;FWD;8;8;607;76;5;0,63;1;0,13;0;0;0;0,0;1;0;;;;
749;Pau Cubarsi;DEF;8;8;750;94;0;0,0;0;0,0;1;0;1;0,13;0;0;;;;
750;Unai Simon;GK;8;8;750;94;0;0,0;0;0,0;0;0;0;0,0;0;0;7,0;16,0;1,0;94,1
751;Marc Cucurella;DEF;8;8;750;94;0;0,0;2;0,25;1;0;1;0,13;0;0;;;;
752;Victor Munoz;FWD;0;0;0;0;0;0,0;0;0,0;0;0;0;0,0;0;0;;;;
753;Borja Iglesias;FWD;1;0;1;0;0;0,0;0;0,0;0;0;0;0,0;0;0;;;;
754;José Vozinha;GK;4;4;390;98;0;0,0;0;0,0;0;0;0;0,0;0;0;2,0;23,0;5,0;82,1
755;Ianique Stopira;DEF;0;0;0;0;0;0,0;0;0,0;0;0;0;0,0;0;0;;;;
756;Alberto Diney;DEF;4;4;390;98;1;0,25;0;0,0;1;0;1;0,25;0;0;;;;
757;Carlos Pico Lopes;DEF;4;4;390;98;0;0,0;0;0,0;0;0;0;0,0;0;0;;;;
758;Evans Logan Costa;DEF;0;0;0;0;0;0,0;0;0,0;0;0;0;0,0;0;0;;;;
759;Lenini Kevin Pina;MID;4;4;350;88;1;0,25;0;0,0;0;0;0;0,0;0;0;;;;
760;Eduardo Jovane;MID;2;2;141;71;0;0,0;0;0,0;0;0;0;0,0;0;0;;;;
761;Paulo Joao Paulo;MID;2;1;104;104;0;0,0;0;0,0;0;0;0;0,0;0;0;;;;
762;BENCHIMOLGilson Gilson;FWD;2;1;78;78;0;0,0;0;0,0;0;0;0;0,0;0;0;;;;
763;Gregory Jamiro Monteiro;MID;4;3;283;94;0;0,0;0;0,0;0;0;0;0,0;0;0;;;;
764;RODRIGUESGarry Garry;MID;2;1;77;77;0;0,0;0;0,0;0;0;0;0,0;0;0;;;;
765;Salomão Marcio;GK;0;0;0;0;0;0,0;0;0,0;0;0;0;0,0;0;0;0,0;0,0;0,0;0,0
766;CABRALSidny Sidny Lopes;DEF;3;3;286;95;1;0,33;0;0,0;2;0;2;0,67;0;0;;;;
767;Deroy Deroy Duarte;MID;4;2;263;132;1;0,25;0;0,0;0;0;0;0,0;0;0;;;;
768;Michael Laros Duarte;MID;4;2;167;84;0;0,0;0;0,0;0;0;0;0,0;0;0;;;;
769;SEMEDOJair Yannick;MID;2;0;30;0;0;0,0;0;0,0;0;0;0;0,0;0;0;;;;
770;Johnson Willy;MID;3;1;130;130;0;0,0;0;0,0;0;0;0;0,0;0;0;;;;
771;Emanuel Telmo;MID;2;1;57;57;0;0,0;0;0,0;0;0;0;0,0;0;0;;;;
772;Dailon Dailon Livramento;FWD;3;2;175;88;0;0,0;0;0,0;0;0;0;0,0;0;0;;;;
773;Isaac Ryan;FWD;4;4;331;83;0;0,0;0;0,0;0;0;0;0,0;0;0;;;;
774;Miguel Nuno Da Costa;MID;4;1;157;157;0;0,0;0;0,0;0;0;0;0,0;0;0;;;;
775;MOREIRASteven Steven;DEF;4;3;301;100;0;0,0;0;0,0;0;0;0;0,0;0;0;;;;
776;Joaquim Cj Dos Santos;GK;0;0;0;0;0;0,0;0;0,0;0;0;0;0,0;0;0;0,0;0,0;0,0;0,0
777;Fabricio Wagner Pina;DEF;1;1;90;90;0;0,0;0;0,0;1;0;1;1,0;0;0;;;;
778;PIRESKelvin Kelvin;DEF;0;0;0;0;0;0,0;0;0,0;0;0;0;0,0;0;0;;;;
779;Sandro Helio Varela;MID;3;0;101;0;1;0,33;0;0,0;0;0;0;0,0;0;0;;;;
780;Dhahi Nawaf Alaqidi;GK;0;0;0;0;0;0,0;0;0,0;0;0;0;0,0;0;0;0,0;0,0;0,0;0,0
781;Hassan Ali Majrashi;DEF;0;0;0;0;0;0,0;0;0,0;0;0;0;0,0;0;0;;;;
782;Mohammed Ali Lajami;DEF;3;1;148;148;0;0,0;0;0,0;0;0;0;0,0;0;0;;;;
783;Ali Abdulelah Alamri;DEF;3;3;240;80;1;0,33;0;0,0;1;0;1;0,33;0;0;;;;
784;Mohammed Hassan Altambakti;DEF;3;3;213;71;0;0,0;0;0,0;0;0;0;0,0;0;1;;;;
785;Essa Nasser Aldawsari;MID;3;2;207;104;0;0,0;0;0,0;1;0;1;0,33;0;0;;;;
786;Fahad Musab Aljuwayr;MID;3;2;153;77;0;0,0;0;0,0;0;0;0;0,0;0;0;;;;
787;Yahya Aiman Yahya;FWD;0;0;0;0;0;0,0;0;0,0;0;0;0;0,0;0;0;;;;
788;Tariq Feras;FWD;3;3;240;80;0;0,0;0;0,0;1;0;1;0,33;0;0;;;;
789;Mohammed Salem Aldawsari;FWD;3;3;245;82;0;0,0;0;0,0;1;0;1;0,33;0;0;;;;
790;Khalid Saleh;FWD;0;0;0;0;0;0,0;0;0,0;0;0;0;0,0;0;0;;;;
791;Abdullah Saud Abdulhamid;DEF;3;3;270;90;0;0,0;0;0,0;1;0;1;0,33;0;0;;;;
792;Meshari Nawaf Bu Washl;DEF;2;1;91;91;0;0,0;0;0,0;0;0;0;0,0;0;0;;;;
793;Kadish Hassan;DEF;0;0;0;0;0;0,0;0;0,0;0;0;0;0,0;0;0;;;;
794;Mohammed Abdullah Alkhaibari;MID;3;3;182;61;0;0,0;0;0,0;0;0;0;0,0;0;0;;;;
795;Mubarak Ziyad Aljohani;MID;0;0;0;0;0;0,0;0;0,0;0;0;0;0,0;0;0;;;;
796;Essa Khalid Alghannam;FWD;1;0;1;0;0;0,0;0;0,0;0;0;0;0,0;0;0;;;;
797;Mohsen Ala Alhajji;MID;2;0;31;0;0;0,0;0;0,0;0;0;0;0,0;0;0;;;;
798;Abdulrahman Abdullah Alhamddan;FWD;3;0;70;0;0;0,0;0;0,0;0;0;0;0,0;0;0;;;;
799;Ahmed Sultan Mandash;FWD;1;1;65;65;0;0,0;0;0,0;0;0;0;0,0;0;0;;;;
800;Khalil Mohammed Alowais;GK;3;3;270;90;0;0,0;0;0,0;0;0;0;0,0;0;0;1,0;18,0;5,0;78,3
801;Ali Ahmed;GK;0;0;0;0;0;0,0;0;0,0;0;0;0;0,0;0;0;0,0;0,0;0,0;0,0
802;Ibrahim Mohamed;MID;3;2;224;112;0;0,0;0;0,0;1;0;1;0,33;0;0;;;;
803;Saad Moteb Alharbi;DEF;3;2;188;94;0;0,0;0;0,0;0;0;0;0,0;0;0;;;;
804;Abdullatif Jehad Thikri;DEF;0;0;0;0;0;0,0;0;0,0;0;0;0;0,0;0;0;;;;
805;Waheeb Mohammed Abu Alshamat;DEF;3;1;136;136;0;0,0;0;0,0;0;0;0;0,0;0;0;;;;
806;Sergio Ramón Rochet;GK;1;0;44;0;0;0,0;0;0,0;0;0;0;0,0;0;0;0,0;0,0;0,0;0,0
807;José María Gimenez;DEF;0;0;0;0;0;0,0;0;0,0;0;0;0;0,0;0;0;;;;
808;Sebastián Enzo Caceres;DEF;3;3;270;90;0;0,0;0;0,0;0;0;0;0,0;0;0;;;;
809;Ronald Federico Araujo;DEF;0;0;0;0;0;0,0;0;0,0;0;0;0;0,0;0;0;;;;
810;Manuel Ugarte;MID;3;3;187;62;0;0,0;0;0,0;0;0;0;0,0;0;0;;;;
811;Rodrigo Bentancur;MID;3;3;270;90;0;0,0;0;0,0;1;0;1;0,33;0;0;;;;
812;Diego Nicolás De La Cruz;MID;3;0;83;0;0;0,0;0;0,0;1;0;1;0,33;0;0;;;;
813;Federico Santiago Valverde;MID;3;3;236;79;0;0,0;1;0,33;0;0;0;0,0;0;0;;;;
814;Darwin Gabriel Nunez;FWD;3;2;156;78;0;0,0;0;0,0;0;0;0;0,0;0;0;;;;
815;Giorgian Daniel De Arrascaeta;MID;0;0;0;0;0;0,0;0;0,0;0;0;0;0,0;0;0;;;;
816;Facundo Pellistri;FWD;0;0;0;0;0;0,0;0;0,0;0;0;0;0,0;0;0;;;;
817;Santiago Andres Mele;GK;0;0;0;0;0;0,0;0;0,0;0;0;0;0,0;0;0;0,0;0,0;0,0;0,0
818;Guillermo Varela;DEF;3;3;270;90;0;0,0;0;0,0;1;0;1;0,33;0;0;;;;
819;Agustin Canobbio;MID;3;2;224;112;1;0,33;0;0,0;0;0;0;0,0;0;0;;;;
820;Emiliano Martinez;MID;0;0;0;0;0;0,0;0;0,0;0;0;0;0,0;0;0;;;;
821;Mathías Olivera;DEF;3;3;270;90;0;0,0;0;0,0;1;0;1;0,33;0;0;;;;
822;Matías Nicolas Vina;DEF;1;1;46;46;0;0,0;0;0,0;0;0;0;0,0;0;0;;;;
823;Paul Brian Rodriguez;FWD;3;0;38;0;0;0,0;0;0,0;0;0;0;0,0;0;0;;;;
824;Rodrigo Sebastian Aguirre;FWD;1;0;1;0;0;0,0;0;0,0;0;0;0;0,0;0;0;;;;
825;Maximiliano Javier Araujo;MID;3;3;252;84;2;0,67;1;0,33;0;0;0;0,0;0;0;;;;
826;Federico Sebastian Vinas;FWD;3;2;194;97;0;0,0;0;0,0;0;0;0;0,0;0;0;;;;
827;Joaquin Piquerez;MID;0;0;0;0;0;0,0;0;0,0;0;0;0;0,0;0;0;;;;
828;Nestor Fernando Muslera;GK;3;3;226;75;0;0,0;0;0,0;0;0;0;0,0;0;0;0,0;9,0;4,0;69,2
829;Santiago Ignacio Bueno;DEF;0;0;0;0;0;0,0;0;0,0;0;0;0;0,0;0;0;;;;
830;Juan Manuel Sanabria;MID;3;2;204;102;0;0,0;0;0,0;1;0;1;0,33;0;0;;;;
831;Radrigo Zalazar;MID;0;0;0;0;0;0,0;0;0,0;0;0;0;0,0;0;0;;;;
832;Brice Lauriche Samba;GK;0;0;0;0;0;0,0;0;0,0;0;0;0;0,0;0;0;0,0;0,0;0,0;0,0
833;Malo Arthur Gusto;DEF;4;1;116;116;0;0,0;0;0,0;0;0;0;0,0;0;0;;;;
834;Lucas Digne;DEF;5;4;374;94;0;0,0;0;0,0;0;0;0;0,0;0;0;;;;
835;Dayotchanculle Oswald Upamecano;DEF;8;7;661;94;0;0,0;1;0,13;0;0;0;0,0;0;0;;;;
836;Jules Olivier Kounde;DEF;8;7;605;86;0;0,0;0;0,0;0;0;0;0,0;0;0;;;;
837;Emmanuel Boris Kone;MID;5;4;405;101;0;0,0;0;0,0;0;0;0;0,0;0;0;;;;
838;Masour Ousmane Dembele;FWD;7;6;513;86;6;0,86;1;0,14;0;0;0;0,0;0;0;;;;
839;Aurélien Djani Tchouameni;MID;5;5;450;90;0;0,0;1;0,2;1;0;1;0,2;0;0;;;;
840;Marcus Lilian Thuram;FWD;1;0;1;0;0;0,0;0;0,0;0;0;0;0,0;0;0;;;;
841;Kylian Mbappe;FWD;8;8;698;87;10;1,25;4;0,5;1;0;1;0,13;1;0;;;;
842;Michael Akpovie Olise;FWD;8;8;649;81;0;0,0;8;1,0;0;0;0;0,0;0;0;;;;
843;Bradley Jean-Manuel Essolisa Barcola;FWD;7;3;323;108;3;0,43;1;0,14;0;0;0;0,0;0;0;;;;
844;N'golo Kante;MID;0;0;0;0;0;0,0;0;0,0;0;0;0;0,0;0;0;;;;
845;Adrien Thibault Marie Rabiot;MID;6;6;495;83;0;0,0;1;0,17;1;0;1;0,17;0;0;;;;
846;Ibrahima Konate;DEF;2;1;59;59;0;0,0;0;0,0;0;0;0;0,0;0;0;;;;
847;Mike Peterson Maignan;GK;8;8;720;90;0;0,0;0;0,0;0;0;0;0,0;0;0;4,0;16,0;10,0;61,5
848;William Alain André Gabriel Saliba;DEF;6;6;480;80;0;0,0;0;0,0;0;0;0;0,0;0;0;;;;
849;Warren Marie Jean-Pierre Zaire-Emery;MID;2;2;180;90;0;0,0;0;0,0;0;0;0;0,0;0;0;;;;
850;Théo Bernard François Hernandez;DEF;5;3;256;85;0;0,0;0;0,0;0;0;0;0,0;0;0;;;;
851;Désiré Nonka-Maho Doue;FWD;7;4;369;92;1;0,14;1;0,14;0;0;0;0,0;0;0;;;;
852;Lucas Francois Bernard Hernandez;DEF;0;0;0;0;0;0,0;0;0,0;0;0;0;0,0;0;0;;;;
853;Jean-Philippe Mateta;FWD;3;0;22;0;0;0,0;0;0,0;0;0;0;0,0;0;0;;;;
854;Robin François Philippe Risser;GK;0;0;0;0;0;0,0;0;0,0;0;0;0;0,0;0;0;0,0;0,0;0,0;0,0
855;Mathis Rayan Cherki;MID;7;2;209;105;0;0,0;0;0,0;0;0;0;0,0;0;0;;;;
856;Maghnes Akliouche;MID;1;0;7;0;0;0,0;0;0,0;0;0;0;0,0;0;0;;;;
857;Maxence Guy Lacroix;DEF;4;3;330;110;0;0,0;0;0,0;0;0;0;0,0;0;0;;;;
858;Yehvann Djibril Victor Diouf;GK;0;0;0;0;0;0,0;0;0,0;0;0;0;0,0;0;0;0,0;0,0;0,0;0,0
859;Mamadou Sarr;DEF;0;0;0;0;0;0,0;0;0,0;0;0;0;0,0;0;0;;;;
860;Kalidou Koulibaly;DEF;2;2;162;81;0;0,0;0;0,0;0;0;0;0,0;0;0;;;;
861;Abdoulaye Seck;DEF;1;1;58;58;0;0,0;1;1,0;1;0;1;1,0;0;0;;;;
862;Idrissa Gana Gueye;MID;4;4;363;91;0;0,0;0;0,0;0;0;0;0,0;0;0;;;;
863;Ismaila Pathe Ciss;MID;4;1;181;181;0;0,0;0;0,0;0;0;0;0,0;0;0;;;;
864;Assane Diao;FWD;1;0;9;0;0;0,0;0;0,0;0;0;0;0,0;0;0;;;;
865;Lamine Camara;MID;4;3;248;83;0;0,0;1;0,25;1;0;1;0,25;0;0;;;;
866;Ahmadou Bamba Mbacke Dieng;FWD;1;0;7;0;0;0,0;0;0,0;0;0;0;0,0;0;0;;;;
867;Sadio Mane;FWD;4;4;363;91;0;0,0;1;0,25;0;0;0;0,0;0;0;;;;
868;Nicolas Jackson;FWD;4;2;234;117;0;0,0;1;0,25;0;0;0;0,0;0;0;;;;
869;Pape Cherif Ndiaye;FWD;0;0;0;0;0;0,0;0;0,0;0;0;0;0,0;0;0;;;;
870;Iliman Cheikh Baroy Ndiaye;FWD;3;1;114;114;1;0,33;2;0,67;0;0;0;0,0;0;0;;;;
871;Ismail Joshua Jakobs;DEF;3;2;219;110;0;0,0;0;0,0;0;0;0;0,0;0;0;;;;
872;Krepin Diatta;DEF;4;4;390;98;0;0,0;0;0,0;0;0;0;0,0;0;0;;;;
873;Edouard Osoque Mendy;GK;2;2;153;77;0;0,0;0;0,0;0;0;0;0,0;0;0;0,0;7,0;6,0;53,8
874;Pape Matar Sarr;MID;2;0;65;0;0;0,0;0;0,0;0;0;0;0,0;0;0;;;;
875;Ismaila Sarr;FWD;4;4;366;92;4;1,0;1;0,25;0;0;0;0,0;0;0;;;;
876;Moussa Niakhate;DEF;4;4;390;98;0;0,0;1;0,25;0;0;0;0,0;0;0;;;;
877;Ibrahim Mbaye;FWD;4;1;154;154;1;0,25;0;0,0;0;0;0;0,0;0;0;;;;
878;Habib Mbacke Diarra;MID;3;2;144;72;2;0,67;0;0,0;0;0;0;0,0;0;0;;;;
879;Bara Sapoko Ndiaye;MID;1;0;25;0;0;0,0;0;0,0;0;0;0;0,0;0;0;;;;
880;Mory Diaw;GK;3;2;237;119;0;0,0;0;0,0;0;0;0;0,0;0;0;1,0;3,0;3,0;50,0
881;Antoine Alpha Mendy;DEF;0;0;0;0;0;0,0;0;0,0;0;0;0;0,0;0;0;;;;
882;El Hadji Malick Diouf;DEF;3;2;171;86;0;0,0;0;0,0;0;0;0;0,0;0;0;;;;
883;Pape Alassane Gueye;MID;4;3;237;79;2;0,5;1;0,25;1;0;1;0,25;0;0;;;;
884;Talib Raheem Fahad Talib;GK;0;0;0;0;0;0,0;0;0,0;0;0;0;0,0;0;0;0,0;0,0;0,0;0,0
885;Ghareeb Solaka Rebin Sulaka;DEF;2;1;120;120;0;0,0;0;0,0;0;1;1;0,5;0;0;;;;
886;Haydar Hussein Hussein;DEF;2;2;163;82;0;0,0;0;0,0;0;0;0;0,0;0;0;;;;
887;Tahseen Abd Zaid Zaid;DEF;2;2;150;75;0;0,0;0;0,0;1;0;1;0,5;0;0;;;;
888;Hashim Rahman Akam Hashim;DEF;3;3;270;90;0;0,0;0;0,0;0;0;0;0,0;0;0;;;;
889;Younus Hashim Munaf Younus;DEF;1;0;74;0;0;0,0;0;0,0;0;0;0;0,0;0;0;;;;
890;Wali Faeq Youssef Amyn;MID;1;0;30;0;0;0,0;0;0,0;0;0;0;0,0;0;0;;;;
891;Bayesh Kamil Ibrahim Bayesh;MID;3;3;236;79;0;0,0;0;0,0;0;0;0;0,0;0;0;;;;
892;Ibrahim Karim Ali Alhamadi;FWD;3;2;180;90;0;0,0;0;0,0;0;0;0;0,0;0;0;;;;
893;Ali Kadhim Mohanad Ali;FWD;1;0;12;0;0;0,0;0;0,0;0;0;0;0,0;0;0;;;;
894;Ihab Ahmed Ahmed;FWD;3;2;123;62;0;0,0;0;0,0;0;0;0;0,0;0;0;;;;
895;Hasan Hachim Jalal Hassan;GK;2;1;134;134;0;0,0;0;0,0;0;0;0;0,0;0;0;0,0;7,0;4,0;63,6
896;Yousif Hashim Ali Yousif;FWD;1;0;33;0;0;0,0;0;0,0;0;0;0;0,0;0;0;;;;
897;Aamar Iqbal Zidane;MID;3;2;188;94;0;0,0;0;0,0;0;0;0;0,0;0;0;;;;
898;Hasan Maknazi Ahmed Maknazi;DEF;1;0;33;0;0;0,0;0;0,0;0;0;0;0,0;0;0;;;;
899;Fouad Aboud Amir Alammari;MID;3;3;248;83;0;0,0;1;0,33;2;0;2;0,67;0;0;;;;
900;Jasim Elaibi Ali Jasim;FWD;2;2;130;65;0;0,0;0;0,0;0;0;0;0,0;0;0;;;;
901;Hussein Ghadhban Aymen;FWD;2;2;116;58;1;0,5;0;0,0;0;0;0;0,0;0;1;;;;
902;Yakob William Kevin Yakob;MID;1;0;23;0;0;0,0;0;0,0;0;0;0;0,0;0;0;;;;
903;Hazar Anwar Aimar;MID;1;0;22;0;0;0,0;0;0,0;0;0;0;0,0;0;0;;;;
904;Jabbar Hussein Marko Farji;FWD;2;0;53;0;0;0,0;0;0,0;0;0;0;0,0;0;0;;;;
905;Basil Fadhil Ahmed;GK;2;2;136;68;0;0,0;0;0,0;0;0;0;0,0;0;0;0,0;9,0;8,0;52,9
906;Ghazi Salih Merchas;DEF;3;3;270;90;0;0,0;0;0,0;1;0;1;0,33;0;0;;;;
907;Ismael Khaleel Zaid Ismael;MID;2;2;119;60;0;0,0;0;0,0;0;0;0;0,0;0;0;;;;
908;Saadoon Abbood Mustafa;DEF;1;0;17;0;0;0,0;0;0,0;0;0;0;0,0;0;0;;;;
909;Dhia Jirjis Frans;DEF;1;1;90;90;0;0,0;0;0,0;0;0;0;0,0;0;0;;;;
910;Ørjan Haskjold Nyland;GK;5;5;480;96;0;0,0;0;0,0;0;0;0;0,0;0;0;0,0;17,0;7,0;70,8
911;Morten Thorsby;MID;1;0;44;0;0;0,0;0;0,0;0;0;0;0,0;0;0;;;;
912;Kristoffer Vassbakk Köpp Ajer;DEF;5;5;480;96;0;0,0;0;0,0;1;0;1;0,2;0;0;;;;
913;Leo Skiri Ostigard;DEF;5;1;144;144;1;0,2;0;0,0;0;0;0;0,0;0;0;;;;
914;David Møller Moller Wolfe;DEF;5;5;433;87;0;0,0;1;0,2;0;0;0;0,0;0;0;;;;
915;Patrick Berg;MID;6;4;443;111;0;0,0;2;0,33;1;0;1;0,17;0;0;;;;
916;Alexander Sorloth;FWD;5;5;341;68;0;0,0;0;0,0;0;0;0;0,0;0;0;;;;
917;Sander Gard Bolin Berge;MID;5;5;480;96;0;0,0;0;0,0;0;0;0;0,0;0;0;;;;
918;Erling Braut Haaland;FWD;5;5;465;93;7;1,4;0;0,0;0;0;0;0,0;0;0;;;;
919;Martín Odegaard;MID;5;5;471;94;0;0,0;3;0,6;0;0;0;0,0;0;0;;;;
920;Jørgen Strand Strand Larsen;FWD;2;1;105;105;0;0,0;0;0,0;0;0;0;0,0;0;0;;;;
921;Sander Tangvik;GK;0;0;0;0;0;0,0;0;0,0;0;0;0;0,0;0;0;0,0;0,0;0,0;0,0
922;Egil Selvik;GK;1;1;90;90;0;0,0;0;0,0;0;0;0;0,0;0;0;0,0;4,0;4,0;50,0
923;Fredrik Aursnes;MID;6;3;303;101;0;0,0;0;0,0;0;0;0;0,0;0;0;;;;
924;Fredrik André Bjorkan;DEF;1;1;46;46;0;0,0;0;0,0;0;0;0;0,0;0;0;;;;
925;Marcus Holmgren Holmgren Pedersen;DEF;4;1;234;234;1;0,25;0;0,0;0;0;0;0,0;0;0;;;;
926;Torbjørn Lysaker Heggem;DEF;5;5;444;89;0;0,0;0;0,0;0;0;0;0,0;0;0;;;;
927;Kristian Thorstvedt;MID;2;1;63;63;0;0,0;0;0,0;0;0;0;0,0;0;0;;;;
928;Thelonious Gerard Aasgaard;MID;1;1;90;90;1;1,0;0;0,0;0;0;0;0,0;0;0;;;;
929;Antonio Eromonsele Nordby Nusa;FWD;6;4;319;80;1;0,17;0;0,0;1;0;1;0,17;0;0;;;;
930;Andreas Rædergård Schjelderup;MID;6;2;251;126;1;0,17;2;0,33;0;0;0;0,0;0;0;;;;
931;Oscar Bobb;MID;6;1;222;222;0;0,0;0;0,0;0;0;0;0,0;0;0;;;;
932;Jens Petter Hauge;MID;1;0;7;0;0;0,0;0;0,0;0;0;0;0,0;0;0;;;;
933;Sondre Klingen Langas;DEF;1;0;24;0;0;0,0;0;0,0;0;0;0;0,0;0;0;;;;
934;Henrik Sælebakke Falchener;DEF;1;1;66;66;0;0,0;0;0,0;0;0;0;0,0;0;0;;;;
935;Julian Ryerson;FWD;4;4;226;57;0;0,0;0;0,0;0;0;0;0,0;0;0;;;;
936;Juan Agustín Musso;GK;0;0;0;0;0;0,0;0;0,0;0;0;0;0,0;0;0;0,0;0,0;0,0;0,0
937;Marcos Nicolás Senesi;DEF;2;1;109;109;0;0,0;0;0,0;0;0;0;0,0;0;0;;;;
938;Nicolás Alejandro Tagliafico;DEF;7;5;478;96;0;0,0;0;0,0;0;0;0;0,0;0;0;;;;
939;Gonzalo Ariel Montiel;DEF;6;2;189;95;0;0,0;0;0,0;0;0;0;0,0;0;0;;;;
940;Leandro Daniel Paredes;MID;7;4;473;118;0;0,0;0;0,0;2;1;3;0,43;0;0;;;;
941;Lisandro Martinez;DEF;7;7;625;89;1;0,14;0;0,0;2;0;2;0,29;0;0;;;;
942;Rodrigo Javier De Paul;MID;7;6;494;82;0;0,0;1;0,14;0;0;0;0,0;0;0;;;;
943;Valentin Barco;MID;1;0;19;0;0;0,0;0;0,0;0;0;0;0,0;0;0;;;;
944;Julián Alvarez;FWD;8;5;601;120;2;0,25;0;0,0;0;0;0;0,0;0;0;;;;
945;Lionel Andrés Messi;FWD;8;7;740;106;8;1,0;4;0,5;0;0;0;0,0;1;0;;;;
946;Giovani Lo Celso;MID;1;1;60;60;1;1,0;0;0,0;0;0;0;0,0;0;0;;;;
947;Geronimo Rulli;GK;0;0;0;0;0;0,0;0;0,0;0;0;0;0,0;0;0;0,0;0,0;0,0;0,0
948;Cristian Gabriel Romero;DEF;7;7;611;87;1;0,14;0;0,0;2;0;2;0,29;0;0;;;;
949;Exequiel Alejandro Palacios;MID;1;1;90;90;0;0,0;0;0,0;0;0;0;0,0;0;0;;;;
950;Nicolas Ivan Gonzalez;MID;7;1;255;255;0;0,0;1;0,14;0;0;0;0,0;0;0;;;;
951;Thiago Ezequiel Almada;FWD;5;3;242;81;0;0,0;0;0,0;1;0;1;0,2;0;0;;;;
952;Giuliano Simeone;FWD;3;2;194;97;0;0,0;0;0,0;0;0;0;0,0;0;0;;;;
953;Nicolas Paz;FWD;2;1;70;70;0;0,0;0;0,0;0;0;0;0,0;0;0;;;;
954;Nicolas Hernan Gonzalo Otamendi;DEF;7;1;244;244;0;0,0;0;0,0;0;0;0;0,0;0;0;;;;
955;Alexis Mac Allister;MID;8;7;750;107;1;0,13;1;0,13;1;0;1;0,13;0;0;;;;
956;Jose Manuel Alberto Lopez;FWD;2;0;18;0;0;0,0;1;0,5;1;0;1;0,5;0;0;;;;
957;Lautaro Javier Martinez;FWD;7;4;310;78;3;0,43;0;0,0;1;0;1;0,14;1;0;;;;
958;Damián Emiliano Martinez;GK;8;8;810;101;0;0,0;0;0,0;0;0;0;0,0;0;0;2,0;23,0;8,0;74,2
959;Enzo Jeremías Fernandez;MID;7;7;663;95;1;0,14;0;0,0;2;1;3;0,43;0;0;;;;
960;Facundo Axel Medina;DEF;5;3;309;103;0;0,0;1;0,2;1;0;1;0,2;0;0;;;;
961;Nahuel Molina;DEF;7;5;531;106;0;0,0;0;0,0;0;0;0;0,0;0;0;;;;
962;Melvin Feycal Mastil;GK;0;0;0;0;0;0,0;0;0,0;0;0;0;0,0;0;0;0,0;0,0;0,0;0,0
963;Aissa Mandi;DEF;4;4;360;90;0;0,0;0;0,0;0;0;0;0,0;0;0;;;;
964;Achref Abada;DEF;0;0;0;0;0;0,0;0;0,0;0;0;0;0,0;0;0;;;;
965;Mohamed Amine Tougai;DEF;0;0;0;0;0;0,0;0;0,0;0;0;0;0,0;0;0;;;;
966;Zineddine Belaid;DEF;2;0;23;0;0;0,0;0;0,0;0;0;0;0,0;0;0;;;;
967;Ramiz Larbi Zerrouki;MID;3;2;111;56;0;0,0;0;0,0;1;0;1;0,33;0;0;;;;
968;Riyad Karim Mahrez;FWD;4;3;282;94;2;0,5;2;0,5;0;0;0;0,0;0;0;;;;
969;Houssem-Eddine Chaabane Aouar;MID;3;2;174;87;0;0,0;2;0,67;0;0;0;0,0;0;0;;;;
970;Amine Ferid Gouiri;FWD;4;3;253;84;1;0,25;0;0,0;0;0;0;0,0;0;0;;;;
971;Fares Chaibi;MID;4;4;360;90;0;0,0;0;0,0;1;0;1;0,25;0;0;;;;
972;Anis Hadj Moussa;FWD;3;1;97;97;0;0,0;0;0,0;0;0;0;0,0;0;0;;;;
973;Ahmed Nadhir Benbouali;FWD;1;0;45;0;1;1,0;0;0,0;0;0;0;0,0;0;0;;;;
974;Jaouen Djimmy Hadjam;DEF;3;1;108;108;0;0,0;0;0,0;0;0;0;0,0;0;0;;;;
975;Hicham Boudaoui;MID;3;2;128;64;0;0,0;0;0,0;1;0;1;0,33;0;0;;;;
976;Rayan Ait-Nouri;DEF;4;3;284;95;0;0,0;0;0,0;0;0;0;0,0;0;0;;;;
977;Oussama Benbot;GK;1;1;90;90;0;0,0;0;0,0;0;0;0;0,0;0;0;0,0;0,0;3,0;0,0
978;Rafik Belghali;DEF;4;4;333;83;1;0,25;0;0,0;0;0;0;0,0;0;0;;;;
979;Mohammed Elamine Amoura;FWD;1;0;26;0;0;0,0;0;0,0;0;0;0;0,0;0;0;;;;
980;Nabil Bentaleb;MID;4;3;288;96;0;0,0;0;0,0;0;0;0;0,0;0;0;;;;
981;Adil Boulbina;FWD;2;0;16;0;0;0,0;0;0,0;0;0;0;0,0;0;0;;;;
982;Selmane Rami Bensebaini;DEF;4;4;341;85;0;0,0;0;0,0;0;0;0;0,0;0;0;;;;
983;Ibrahim Maza;MID;4;4;352;88;0;0,0;0;0,0;0;0;0;0,0;0;0;;;;
984;Luca Zinedine Zidane;GK;3;3;270;90;0;0,0;0;0,0;0;0;0;0,0;0;0;0,0;8,0;6,0;57,1
985;Yassine Titraoui;MID;0;0;0;0;0;0,0;0;0,0;0;0;0;0,0;0;0;;;;
986;Fares Ghedjemis;FWD;1;0;1;0;0;0,0;0;0,0;0;0;0;0,0;0;0;;;;
987;Samir Sophian Chergui;DEF;1;0;19;0;0;0,0;0;0,0;0;0;0;0,0;0;0;;;;
988;Alexander Schlager;GK;4;4;360;90;0;0,0;0;0,0;0;0;0;0,0;0;0;0,0;12,0;9,0;57,1
989;David Leopold Affengruber;DEF;0;0;0;0;0;0,0;0;0,0;0;0;0;0,0;0;0;;;;
990;Kevin Danso;DEF;4;2;239;120;0;0,0;0;0,0;0;0;0;0,0;0;0;;;;
991;Xaver Schlager;MID;4;4;240;60;0;0,0;1;0,25;0;0;0;0,0;0;0;;;;
992;Stefan Posch;DEF;4;4;332;83;0;0,0;0;0,0;2;0;2;0,5;0;0;;;;
993;Nicolas Seiwald;MID;4;4;315;79;0;0,0;1;0,25;0;0;0;0,0;0;0;;;;
994;Marko Arnautovic;FWD;4;1;143;143;2;0,5;0;0,0;1;0;1;0,25;1;0;;;;
995;David Alaba;DEF;4;4;278;70;0;0,0;1;0,25;0;0;0;0,0;0;0;;;;
996;Marcel Sabitzer;MID;4;4;360;90;1;0,25;0;0,0;1;0;1;0,25;0;0;;;;
997;Florian Grillitsch;MID;2;0;89;0;0;0,0;0;0,0;0;0;0;0,0;0;0;;;;
998;Michael Gregoritsch;FWD;3;2;189;95;0;0,0;1;0,33;0;0;0;0,0;0;0;;;;
999;Florian Wiegele;GK;0;0;0;0;0;0,0;0;0,0;0;0;0;0,0;0;0;0,0;0,0;0,0;0,0
1000;Patrick Pentz;GK;0;0;0;0;0;0,0;0;0,0;0;0;0;0,0;0;0;0,0;0,0;0,0;0,0
1001;Saša Kalajdzic;FWD;3;1;77;77;1;0,33;0;0,0;0;0;0;0,0;0;0;;;;
1002;Philipp Lienhart;DEF;2;2;180;90;0;0,0;0;0,0;0;0;0;0,0;0;0;;;;
1003;Phillip Mwene;DEF;2;2;149;75;0;0,0;0;0,0;0;0;0;0,0;0;0;;;;
1004;Carney Chibueze Chukwuemeka;MID;3;0;81;0;0;0,0;0;0,0;0;0;0;0,0;0;0;;;;
1005;Romano Schmid;MID;4;4;267;67;1;0,25;0;0,0;0;0;0;0,0;0;0;;;;
1006;Dejan Ljubicic;MID;0;0;0;0;0;0,0;0;0,0;0;0;0;0,0;0;0;;;;
1007;Konrad Laimer;MID;4;4;360;90;0;0,0;0;0,0;1;0;1;0,25;0;0;;;;
1008;Patrick Wimmer;FWD;2;0;19;0;0;0,0;0;0,0;0;0;0;0,0;0;0;;;;
1009;Alexander Prass;MID;2;0;28;0;0;0,0;0;0,0;0;0;0;0,0;0;0;;;;
1010;Marco Friedl;DEF;1;0;23;0;0;0,0;0;0,0;0;0;0;0,0;0;0;;;;
1011;Paul Wanner;MID;4;2;232;116;0;0,0;0;0,0;0;0;0;0,0;0;0;;;;
1012;Michael Svoboda;DEF;0;0;0;0;0;0,0;0;0,0;0;0;0;0,0;0;0;;;;
1013;Alessandro Andre Schoepf;MID;0;0;0;0;0;0,0;0;0,0;0;0;0;0,0;0;0;;;;
1014;Mo'ien Hasan Yazeed Abulaila;GK;3;3;270;90;0;0,0;0;0,0;0;0;0;0,0;0;0;0,0;11,0;8,0;57,9
1015;Ali Hasan Mohammad;DEF;1;0;5;0;0;0,0;0;0,0;0;0;0;0,0;0;0;;;;
1016;Mousa Musallam Abdallah Nasib;DEF;3;3;261;87;0;0,0;0;0,0;0;0;0;0,0;0;0;;;;
1017;Ali Mohammad Husam Abudahab;DEF;2;2;180;90;0;0,0;0;0,0;1;0;1;0,5;0;0;;;;
1018;Mousa Mahmoud Yazan Alarab;DEF;3;3;270;90;0;0,0;0;0,0;1;0;1;0,33;0;1;;;;
1019;Rasem Adel Amer Jamous;MID;1;0;14;0;0;0,0;0;0,0;0;0;0;0,0;0;0;;;;
1020;Faisal Yousef Mohammad;FWD;2;0;2;0;0;0,0;0;0,0;1;0;1;0,5;0;0;;;;
1021;Mahmoud Ali Noor Alrawabdeh;MID;3;3;270;90;0;0,0;1;0,33;0;0;0;0,0;0;0;;;;
1022;Iyad Ali Ali Olwan;FWD;3;3;270;90;1;0,33;0;0,0;0;0;0;0,0;0;0;;;;
1023;Mohammad Mousa Mousa Altamari;FWD;3;2;216;108;1;0,33;1;0,33;0;0;0;0,0;0;0;;;;
1024;Burhan Shehadeh Odeh Fakhoury;FWD;0;0;0;0;0;0,0;0;0,0;0;0;0;0,0;0;0;;;;
1025;Zaid Khaleel Nour Baniateyah;GK;0;0;0;0;0;0,0;0;0,0;0;0;0;0,0;0;0;0,0;0,0;0,0;0,0
1026;Nayef Ahmad Mahmoud Almardi;FWD;3;1;128;128;0;0,0;0;0,0;0;0;0;0,0;0;0;;;;
1027;Ayed Fadel Rajaei Ayed;MID;0;0;0;0;0;0,0;0;0,0;0;0;0;0,0;0;0;;;;
1028;Mohammad Sami Ibrahim;MID;0;0;0;0;0;0,0;0;0,0;0;0;0;0,0;0;0;;;;
1029;Majed Jamil Mohammad Abualnadi;DEF;1;1;72;72;0;0,0;0;0,0;0;0;0;0,0;0;0;;;;
1030;Amer Saleem Saleem;DEF;3;0;20;0;0;0,0;0;0,0;0;0;0;0,0;0;0;;;;
1031;Ahmed Mohammad Mohammad;MID;0;0;0;0;0;0,0;0;0,0;0;0;0;0,0;0;0;;;;
1032;Ahmad Salameh Saed;DEF;1;0;9;0;0;0,0;0;0,0;0;0;0;0,0;0;0;;;;
1033;Mahmoud Saleh Mohannad Abutaha;MID;3;3;265;88;0;0,0;0;0,0;1;0;1;0,33;0;0;;;;
1034;Mahmoud Ahmed Nizar Alrashdan;MID;3;3;256;85;1;0,33;0;0,0;0;0;0;0,0;0;0;;;;
1035;Ra'ed Mahmoud Abdallah Alfakhori;GK;3;2;149;75;0;0,0;0;0,0;0;0;0;0,0;0;0;0,0;7,0;6,0;53,8
1036;Manel Farhan Ehsan Haddad;DEF;3;3;262;87;0;0,0;1;0,33;0;0;0;0,0;0;0;;;;
1037;Ahmad Ali Ali Azaizeh;FWD;3;1;53;53;0;0,0;0;0,0;0;0;0;0,0;0;0;;;;
1038;Ratib Mohammad Mohammad Aldaoud;MID;1;0;2;0;0;0,0;0;0,0;0;0;0;0,0;0;0;;;;
1039;Said Ghazi Anas Badawi;DEF;0;0;0;0;0;0,0;0;0,0;0;0;0;0,0;0;0;;;;
1040;Diogo Diogo Costa;GK;5;5;450;90;0;0,0;0;0,0;0;0;0;0,0;0;0;2,0;23,0;3,0;88,5
1041;SEMEDONélson Nelson;DEF;4;0;123;0;0;0,0;0;0,0;1;0;1;0,25;0;0;;;;
1042;Rúben Ruben Dias;DEF;4;4;360;90;0;0,0;0;0,0;1;0;1;0,25;0;0;;;;
1043;Tomás Tomas Araujo;DEF;1;1;90;90;0;0,0;0;0,0;1;0;1;1,0;0;0;;;;
1044;Diogo Diogo Dalot;DEF;2;0;63;0;0;0,0;0;0,0;0;0;0;0,0;0;0;;;;
1045;Luiz Matheus;MID;1;0;1;0;0;0,0;0;0,0;0;0;0;0,0;0;0;;;;
1046;Ronaldo Cristiano Ronaldo;FWD;5;5;441;88;3;0,6;0;0,0;0;0;0;0,0;1;0;;;;
1047;Miguel Bruno;MID;5;5;423;85;0;0,0;1;0,2;0;0;0;0,0;0;0;;;;
1048;RAMOSGonçalo Goncalo;FWD;2;0;34;0;1;0,5;0;0,0;0;0;0;0,0;0;0;;;;
1049;Bernardo Bernardo Silva;MID;4;1;95;95;0;0,0;0;0,0;2;0;2;0,5;0;0;;;;
1050;João Joao Felix;FWD;3;3;204;68;0;0,0;0;0,0;0;0;0;0,0;0;0;;;;
1051;Pedro Jose Sa;GK;0;0;0;0;0;0,0;0;0,0;0;0;0;0,0;0;0;0,0;0,0;0,0;0,0
1052;Renato Renato Veiga;DEF;5;5;450;90;0;0,0;0;0,0;2;0;2;0,4;0;0;;;;
1053;Gonçalo Goncalo Inacio;DEF;0;0;0;0;0;0,0;0;0,0;0;0;0;0,0;0;0;;;;
1054;Pedro Joao Neves;MID;5;4;390;98;1;0,2;0;0,0;0;0;0;0,0;0;0;;;;
1055;António Francisco Trincao;FWD;1;0;27;0;0;0,0;0;0,0;0;0;0;0,0;0;0;;;;
1056;Alexandre Rafael Leao;FWD;5;1;154;154;1;0,2;1;0,2;0;0;0;0,0;0;0;;;;
1057;Pedro Pedro Neto;FWD;5;5;354;71;0;0,0;1;0,2;0;0;0;0,0;0;0;;;;
1058;Manuel Goncalo;FWD;0;0;0;0;0;0,0;0;0,0;0;0;0;0,0;0;0;;;;
1059;Pedro Joao Cancelo;DEF;5;5;316;63;0;0,0;1;0,2;0;0;0;0,0;0;0;;;;
1060;Diogo Ruben;MID;2;1;55;55;0;0,0;0;0,0;0;0;0;0,0;0;0;;;;
1061;Tiago Rui Silva;GK;0;0;0;0;0;0,0;0;0,0;0;0;0;0,0;0;0;0,0;0,0;0,0;0,0
1062;Vitor Vitinha;MID;5;5;381;76;0;0,0;1;0,2;0;0;0;0,0;0;0;;;;
1063;Samuel Samu Costa;DEF;1;0;20;0;0;0,0;0;0,0;0;0;0;0,0;0;0;;;;
1064;Alexandre Nuno;DEF;5;5;398;80;1;0,2;0;0,0;0;0;0;0,0;0;0;;;;
1065;Francisco Francisco Conceicao;FWD;4;0;122;0;0;0,0;0;0,0;0;0;0;0,0;0;0;;;;
1066;Lionel Nzau Mpasi;GK;4;4;360;90;0;0,0;0;0,0;0;0;0;0,0;0;0;0,0;12,0;5,0;70,6
1067;Wan Wan-Bissaka;DEF;4;4;355;89;0;0,0;0;0,0;0;0;0;0,0;0;0;;;;
1068;Steve Nkanu Kapuadi;DEF;2;2;180;90;0;0,0;0;0,0;0;0;0;0,0;0;0;;;;
1069;Axel Tuanzebe;DEF;4;4;360;90;0;0,0;0;0,0;0;0;0;0,0;0;0;;;;
1070;Dylan Buduka Batubinsika;DEF;0;0;0;0;0;0,0;0;0,0;0;0;0;0,0;0;0;;;;
1071;Ngal’ayel Mukau;MID;4;3;197;66;0;0,0;0;0,0;0;0;0;0,0;0;0;;;;
1072;Nathanaël Mbuku;MID;3;2;144;72;0;0,0;0;0,0;1;0;1;0,33;0;0;;;;
1073;Samuel Alain Moutoussamy;MID;4;4;333;83;0;0,0;0;0,0;1;0;1;0,25;0;0;;;;
1074;Kibambe Brian Cipenga;FWD;2;2;148;74;1;0,5;0;0,0;0;0;0;0,0;0;0;;;;
1075;Theo Mbulofeko Batombo Bongonda;MID;2;0;32;0;0;0,0;0;0,0;0;0;0;0,0;0;0;;;;
1076;Gaël Roméo Kakuta;FWD;0;0;0;0;0;0,0;0;0,0;0;0;0;0,0;0;0;;;;
1077;Joris Kayembe;DEF;4;0;43;0;0;0,0;0;0,0;0;0;0;0,0;0;0;;;;
1078;Meschack Lina Elia;FWD;2;0;44;0;0;0,0;1;0,5;0;0;0;0,0;0;0;;;;
1079;Noah Junior Sadiki;MID;4;2;257;129;0;0,0;0;0,0;2;0;2;0,5;0;0;;;;
1080;Tshibola Tshibola;MID;0;0;0;0;0;0,0;0;0,0;0;0;0;0,0;0;0;;;;
1081;Timothy Bruce Munzoko Fayulu;GK;0;0;0;0;0;0,0;0;0,0;0;0;0;0,0;0;0;0,0;0,0;0,0;0,0
1082;Cedric Bakambu;FWD;3;3;193;64;0;0,0;0;0,0;0;0;0;0,0;0;0;;;;
1083;Charles Monginda Pickel;MID;2;0;35;0;0;0,0;0;0,0;1;0;1;0,5;0;0;;;;
1084;Mayele Fiston Mayele;FWD;2;0;40;0;1;0,5;0;0,0;0;0;0;0,0;0;0;;;;
1085;Yoane Wissa;FWD;4;4;360;90;3;0,75;0;0,0;0;0;0;0,0;0;0;;;;
1086;Matthieu Luka Epolo;GK;0;0;0;0;0;0,0;0;0,0;0;0;0;0,0;0;0;0,0;0,0;0,0;0,0
1087;Mangulu Chancel Mbemba;DEF;4;4;360;90;0;0,0;0;0,0;1;0;1;0,25;0;0;;;;
1088;Simon Bokote Banza;FWD;2;0;38;0;0;0,0;0;0,0;0;0;0;0,0;0;0;;;;
1089;Gédéon Tchingoma Kyatengwa Kalulu;DEF;1;0;5;0;0;0,0;0;0,0;0;0;0;0,0;0;0;;;;
1090;Edo Kayembe Kayembe;MID;3;2;159;80;0;0,0;0;0,0;0;0;0;0,0;0;0;;;;
1091;Arthur Fuka Masuaku;DEF;4;4;317;79;0;0,0;1;0,25;0;0;0;0,0;0;0;;;;
1092;Utkir Yusupov;GK;1;1;90;90;0;0,0;0;0,0;0;0;0;0,0;0;0;0,0;6,0;3,0;66,7
1093;Abdukodir Khusanov;DEF;3;3;270;90;0;0,0;0;0,0;2;0;2;0,67;0;1;;;;
1094;Khojiakbar Alijonov;DEF;2;1;134;134;0;0,0;0;0,0;0;0;0;0,0;0;0;;;;
1095;Farrukh Sayfiev;DEF;1;0;44;0;0;0,0;0;0,0;0;0;0;0,0;0;0;;;;
1096;Rustamjon Ashurmatov;DEF;3;3;257;86;0;0,0;0;0,0;0;0;0;0,0;0;0;;;;
1097;Akmal Mozgovoy;MID;3;2;216;108;0;0,0;1;0,33;0;0;0;0,0;0;0;;;;
1098;Otabek Shukurov;MID;3;3;238;79;0;0,0;0;0,0;0;0;0;0,0;0;0;;;;
1099;Jamshid Iskanderov;MID;1;0;8;0;0;0,0;0;0,0;0;0;0;0,0;0;0;;;;
1100;Odiljon Xamrobekov;MID;2;1;78;78;0;0,0;0;0,0;1;0;1;0,5;0;0;;;;
1101;Ruslanbek Jiyanov;MID;1;0;1;0;0;0,0;0;0,0;0;0;0;0,0;0;0;;;;
1102;Oston Urunov;MID;2;1;63;63;0;0,0;0;0,0;0;0;0;0,0;0;0;;;;
1103;Abduvakhid Nematov;GK;2;2;180;90;0;0,0;0;0,0;0;0;0;0,0;0;0;0,0;4,0;8,0;33,3
1104;Sherzod Nasrullaev;DEF;3;3;182;61;0;0,0;0;0,0;1;0;1;0,33;0;0;;;;
1105;Eldor Shomurodov;FWD;3;3;270;90;1;0,33;0;0,0;0;0;0;0,0;0;0;;;;
1106;Umarbek Eshmurodov;DEF;0;0;0;0;0;0,0;0;0,0;0;0;0;0,0;0;0;;;;
1107;Botirali Ergashev;GK;0;0;0;0;0;0,0;0;0,0;0;0;0;0,0;0;0;0,0;0,0;0,0;0,0
1108;Dostonbek Khamdamov;MID;2;1;102;102;0;0,0;0;0,0;0;0;0;0,0;0;0;;;;
1109;Abdulla Abdullaev;DEF;2;2;180;90;0;0,0;0;0,0;0;0;0;0,0;0;0;;;;
1110;Azizjon Ganiev;MID;2;1;122;122;0;0,0;0;0,0;0;0;0;0,0;0;0;;;;
1111;Azizbek Amonov;FWD;1;0;13;0;0;0,0;0;0,0;0;0;0;0,0;0;0;;;;
1112;Igor Sergeev;FWD;3;0;26;0;0;0,0;0;0,0;0;0;0;0,0;0;0;;;;
1113;Abbosbek Fayzullaev;MID;3;3;223;74;1;0,33;0;0,0;0;0;0;0,0;0;0;;;;
1114;Sherzod Esanov;MID;1;0;1;0;0;0,0;0;0,0;0;0;0;0,0;0;0;;;;
1115;Behruzjon Karimov;DEF;2;2;180;90;0;0,0;0;0,0;0;0;0;0,0;0;0;;;;
1116;Avazbek Ulmasaliyev;DEF;0;0;0;0;0;0,0;0;0,0;0;0;0;0,0;0;0;;;;
1117;Jakhongir Urozov;DEF;2;1;95;95;0;0,0;0;0,0;0;0;0;0,0;0;0;;;;
1118;David Ospina;GK;0;0;0;0;0;0,0;0;0,0;0;0;0;0,0;0;0;0,0;0,0;0,0;0,0
1119;Daniel Munoz;DEF;5;4;393;98;2;0,4;0;0,0;0;0;0;0,0;0;0;;;;
1120;Jhon Janer Lucumi;DEF;5;5;478;96;0;0,0;0;0,0;1;0;1;0,2;0;0;;;;
1121;Santiago Arias;DEF;1;1;87;87;0;0,0;0;0,0;0;0;0;0,0;0;0;;;;
1122;Kevin Duvan Castano;MID;2;0;15;0;0;0,0;0;0,0;0;0;0;0,0;0;0;;;;
1123;Richard Rios;MID;5;0;135;0;0;0,0;0;0,0;0;0;0;0,0;0;0;;;;
1124;Luis Fernando Diaz;FWD;5;5;480;96;1;0,2;1;0,2;0;0;0;0,0;0;0;;;;
1125;Jorge Andres Carrascal;MID;0;0;0;0;0;0,0;0;0,0;0;0;0;0,0;0;0;;;;
1126;Jhon Andrés Cordoba;FWD;3;2;100;50;0;0,0;0;0,0;0;0;0;0,0;0;0;;;;
1127;James David Rodriguez;MID;5;5;318;64;0;0,0;0;0,0;0;0;0;0,0;0;0;;;;
1128;Jhon Adolfo Arias;MID;5;5;382;76;1;0,2;0;0,0;0;0;0;0,0;0;0;;;;
1129;Camilo Andres Vargas;GK;5;5;480;96;0;0,0;0;0,0;0;0;0;0,0;0;0;4,0;9,0;1,0;90,0
1130;Yerry Fernando Mina;DEF;1;0;2;0;0;0,0;0;0,0;0;0;0;0,0;0;0;;;;
1131;Gustavo Adolfo Puerta;DEF;5;5;470;94;0;0,0;1;0,2;1;0;1;0,2;0;0;;;;
1132;Juan Camilo Portilla;MID;0;0;0;0;0;0,0;0;0,0;0;0;0;0,0;0;0;;;;
1133;Jefferson Andrés Lerma;MID;5;5;412;82;0;0,0;0;0,0;1;0;1;0,2;0;0;;;;
1134;Johan Andrés Mojica;DEF;4;4;390;98;0;0,0;0;0,0;1;0;1;0,25;0;0;;;;
1135;Willer Emilio Ditta;DEF;0;0;0;0;0;0,0;0;0,0;0;0;0;0,0;0;0;;;;
1136;Juan Camilo Hernandez;FWD;2;0;48;0;0;0,0;1;0,5;0;0;0;0,0;0;0;;;;
1137;Juan Fernando Quintero;MID;4;0;117;0;0;0,0;1;0,25;0;0;0;0,0;0;0;;;;
1138;Jaminton Leandro Campaz;FWD;3;0;75;0;1;0,33;0;0,0;0;0;0;0,0;0;0;;;;
1139;Deiver Machado;DEF;1;1;90;90;0;0,0;0;0,0;0;0;0;0,0;0;0;;;;
1140;Davinson Sanchez;DEF;5;5;480;96;0;0,0;0;0,0;1;0;1;0,2;0;0;;;;
1141;Álvaro David Montero;GK;0;0;0;0;0;0,0;0;0,0;0;0;0;0,0;0;0;0,0;0,0;0,0;0,0
1142;Luis Javier Suarez;FWD;5;3;332;111;0;0,0;1;0,2;1;0;1;0,2;0;0;;;;
1143;Carlos Andrés Gomez;FWD;1;0;1;0;0;0,0;0;0,0;0;0;0;0,0;0;0;;;;
1144;Jordan Lee Pickford;GK;7;7;660;94;0;0,0;0;0,0;0;0;0;0,0;0;0;2,0;19,0;8,0;70,4
1145;Ezri Ngoyo Konsa;DEF;8;7;647;92;1;0,13;0;0,0;0;0;0;0,0;0;0;;;;
1146;Nico Oreilly;DEF;7;5;464;93;0;0,0;0;0,0;1;0;1;0,14;0;0;;;;
1147;Declan Rice;MID;7;7;559;80;1;0,14;2;0,29;2;0;2;0,29;0;0;;;;
1148;John Stones;DEF;5;3;331;110;0;0,0;0;0,0;0;0;0;0,0;0;0;;;;
1149;Keaninkin Marc-Isreal Guehi;DEF;8;7;663;95;0;0,0;0;0,0;1;0;1;0,13;0;0;;;;
1150;Bukayo Ayoyinka Saka;FWD;7;3;358;119;3;0,43;3;0,43;0;0;0;0,0;1;0;;;;
1151;Elliot Junior Anderson;MID;8;7;634;91;0;0,0;1;0,13;1;0;1;0,13;0;0;;;;
1152;Harry Edward Kane;FWD;7;7;654;93;6;0,86;1;0,14;0;0;0;0,0;2;0;;;;
1153;Jude Victor William Bellingham;MID;8;7;620;89;7;0,88;1;0,13;1;0;1;0,13;0;0;;;;
1154;Marcus Rashford;FWD;5;3;220;73;1;0,2;1;0,2;0;0;0;0,0;0;0;;;;
1155;Trevoh Tom Chalobah;DEF;1;0;1;0;0;0,0;0;0,0;0;0;0;0,0;0;0;;;;
1156;Dean Bradley Henderson;GK;1;1;90;90;0;0,0;0;0,0;0;0;0;0,0;0;0;0,0;5,0;4,0;55,6
1157;Jordan Brian Henderson;MID;2;0;7;0;0;0,0;0;0,0;1;0;1;0,5;0;0;;;;
1158;Daniel Johnson Burn;DEF;3;0;29;0;0;0,0;0;0,0;0;0;0;0,0;0;0;;;;
1159;Kobbie Boateng Mainoo;MID;0;0;0;0;0;0,0;0;0,0;0;0;0;0,0;0;0;;;;
1160;Morgan Elliot Rogers;MID;7;3;336;112;0;0,0;1;0,14;0;0;0;0,0;0;0;;;;
1161;Anthony Michael Gordon;FWD;6;5;400;80;1;0,17;3;0,5;0;0;0;0,0;0;0;;;;
1162;George Arthur Watkins;FWD;2;0;51;0;0;0,0;0;0,0;0;0;0;0,0;0;0;;;;
1163;Azuka Tristan Madueke;FWD;5;4;287;72;0;0,0;0;0,0;0;0;0;0,0;0;0;;;;
1164;Eberechi Oluchi Eze;MID;5;1;209;209;0;0,0;1;0,2;0;0;0;0,0;0;0;;;;
1165;Ivan Benjamin Elijah Toney;FWD;1;1;79;79;0;0,0;0;0,0;0;0;0;0,0;0;0;;;;
1166;James Harrington Trafford;GK;0;0;0;0;0;0,0;0;0,0;0;0;0;0,0;0;0;0,0;0,0;0,0;0,0
1167;Reece Lewis James;DEF;5;3;318;106;0;0,0;0;0,0;0;0;0;0,0;0;0;;;;
1168;Tehuti Djed-Hotep Spence;DEF;8;4;394;99;0;0,0;0;0,0;0;0;0;0,0;0;0;;;;
1169;Jarell Amorin Quansah;DEF;3;3;207;69;0;0,0;0;0,0;1;1;2;0,67;0;0;;;;
1170;Dominik Livakovic;GK;4;4;360;90;0;0,0;0;0,0;0;0;0;0,0;0;0;1,0;8,0;7,0;53,3
1171;Josip Stanisic;DEF;4;4;360;90;0;0,0;2;0,5;0;0;0;0,0;0;0;;;;
1172;Marin Pongracic;DEF;3;3;270;90;0;0,0;0;0,0;0;0;0;0,0;0;0;;;;
1173;Joško Gvardiol;DEF;4;2;139;70;0;0,0;0;0,0;0;0;0;0,0;0;0;;;;
1174;Duje Caleta-Car;DEF;0;0;0;0;0;0,0;0;0,0;0;0;0;0,0;0;0;;;;
1175;Josip Sutalo;DEF;4;4;360;90;0;0,0;0;0,0;0;0;0;0,0;0;0;;;;
1176;Nikola Moro;MID;0;0;0;0;0;0,0;0;0,0;0;0;0;0,0;0;0;;;;
1177;Mateo Kovacic;MID;4;3;272;91;0;0,0;0;0,0;0;0;0;0,0;0;0;;;;
1178;Andrej Kramaric;FWD;3;0;57;0;0;0,0;0;0,0;0;0;0;0,0;0;0;;;;
1179;Luka Modric;MID;4;4;319;80;0;0,0;1;0,25;1;0;1;0,25;0;0;;;;
1180;Ante Budimir;FWD;3;2;155;78;1;0,33;0;0,0;0;0;0;0,0;0;0;;;;
1181;Ivor Pandur;GK;0;0;0;0;0;0,0;0;0,0;0;0;0;0,0;0;0;0,0;0,0;0,0;0,0
1182;Nikola Vlasic;MID;3;2;190;95;1;0,33;0;0,0;0;0;0;0,0;0;0;;;;
1183;Ivan Perisic;FWD;4;4;360;90;1;0,25;1;0,25;2;0;2;0,5;0;0;;;;
1184;Mario Pasalic;MID;4;1;121;121;0;0,0;0;0,0;0;0;0;0,0;0;0;;;;
1185;Martin Baturina;MID;4;4;324;81;1;0,25;0;0,0;0;0;0;0,0;0;0;;;;
1186;Petar Sucic;MID;4;3;288;96;1;0,25;1;0,25;1;0;1;0,25;0;0;;;;
1187;Kristijan Jakic;DEF;0;0;0;0;0;0,0;0;0,0;0;0;0;0,0;0;0;;;;
1188;Toni Fruk;MID;0;0;0;0;0;0,0;0;0,0;0;0;0;0,0;0;0;;;;
1189;Igor Matanovic;FWD;3;0;93;0;0;0,0;0;0,0;0;0;0;0,0;0;0;;;;
1190;Luka Sucic;MID;1;0;18;0;0;0,0;0;0,0;0;0;0;0,0;0;0;;;;
1191;Luka Vuskovic;DEF;1;1;66;66;0;0,0;0;0,0;0;0;0;0,0;0;0;;;;
1192;Dominik Kotarski;GK;0;0;0;0;0;0,0;0;0,0;0;0;0;0,0;0;0;0,0;0,0;0,0;0,0
1193;Marco Pasalic;FWD;3;1;98;98;0;0,0;0;0,0;0;0;0;0,0;0;0;;;;
1194;Martin Erlic;DEF;0;0;0;0;0;0,0;0;0,0;0;0;0;0,0;0;0;;;;
1195;Petar Musa;FWD;2;2;112;56;1;0,5;0;0,0;0;0;0;0,0;0;0;;;;
1196;Lawrence Ati Zigi;GK;2;2;136;68;0;0,0;0;0,0;0;0;0;0,0;0;0;1,0;12,0;1,0;92,3
1197;Alidu Seidu;DEF;1;0;77;0;0;0,0;0;0,0;0;0;0;0,0;0;0;;;;
1198;Caleb Marfo Yirenkyi;MID;4;3;264;88;1;0,25;0;0,0;1;0;1;0,25;0;0;;;;
1199;Jonas Adjei Adjetey;DEF;3;3;226;75;0;0,0;0;0,0;0;0;0;0,0;0;0;;;;
1200;Thomas Teye Partey;MID;3;3;270;90;0;0,0;0;0,0;0;0;0;0,0;0;0;;;;
1201;Abdul Mumin Mumin;DEF;0;0;0;0;0;0,0;0;0,0;0;0;0;0,0;0;0;;;;
1202;Abdul Fatawu Fatawu;FWD;4;0;128;0;0;0,0;0;0,0;0;0;0;0,0;0;0;;;;
1203;Kwasi Sibo;MID;4;3;249;83;0;0,0;0;0,0;0;0;0;0,0;0;0;;;;
1204;Jordan Pierre Ayew;FWD;4;4;303;76;0;0,0;0;0,0;0;0;0;0,0;0;0;;;;
1205;Brandon Michael Clarke Thomas-Asante;FWD;2;0;51;0;0;0,0;0;0,0;0;0;0;0,0;0;0;;;;
1206;Antoine Serlom Semenyo;MID;4;4;360;90;0;0,0;1;0,25;0;0;0;0,0;0;0;;;;
1207;Joseph Tetteh Anang;GK;0;0;0;0;0;0,0;0;0,0;0;0;0;0,0;0;0;0,0;0,0;0,0;0,0
1208;Christopher Bonsu Bonsu Baah;FWD;0;0;0;0;0;0,0;0;0,0;0;0;0;0,0;0;0;;;;
1209;Gideon Mensah;DEF;4;4;360;90;0;0,0;0;0,0;0;0;0;0,0;0;0;;;;
1210;Elisha Owusu;MID;3;2;152;76;0;0,0;0;0,0;0;0;0;0,0;0;0;;;;
1211;Benjamin Asare;GK;3;2;224;112;0;0,0;0;0,0;0;0;0;0,0;0;0;1,0;5,0;2,0;71,4
1212;Abdul Rahman Rahman;DEF;1;0;1;0;0;0,0;0;0,0;0;0;0;0,0;0;0;;;;
1213;Jerome Opoku;DEF;3;3;270;90;0;0,0;0;0,0;0;0;0;0,0;0;0;;;;
1214;Inaki Williams;FWD;2;2;128;64;0;0,0;0;0,0;1;0;1;0,5;0;0;;;;
1215;Augustine Boakye;MID;0;0;0;0;0;0,0;0;0,0;0;0;0;0,0;0;0;;;;
1216;Kojo Peprah Oppong;DEF;2;0;47;0;0;0,0;0;0,0;1;0;1;0,5;0;0;;;;
1217;Kamal Deen Sulemana;FWD;2;2;129;65;0;0,0;0;0,0;0;0;0;0,0;0;0;;;;
1218;Derrick Luckassen;DEF;2;2;180;90;1;0,5;0;0,0;0;0;0;0,0;0;0;;;;
1219;Ernest Nuamah Nuamah;FWD;3;1;88;88;0;0,0;1;0,33;0;0;0;0,0;0;0;;;;
1220;Prince Kwabena Adu;FWD;3;0;38;0;0;0,0;0;0,0;0;0;0;0,0;0;0;;;;
1221;Marvin Elom Senaya;DEF;4;4;280;70;0;0,0;0;0,0;0;0;0;0,0;0;0;;;;
1222;Luis Ricardo Mejia;GK;0;0;0;0;0;0,0;0;0,0;0;0;0;0,0;0;0;0,0;0,0;0,0;0,0
1223;Cesar Rodolfo Blackman;DEF;2;2;180;90;0;0,0;0;0,0;1;0;1;0,5;0;0;;;;
1224;Jose Angel Cordoba;DEF;3;3;270;90;0;0,0;0;0,0;0;0;0;0,0;0;0;;;;
1225;Fidel Escobar;DEF;1;1;90;90;0;0,0;0;0,0;0;0;0;0,0;0;0;;;;
1226;Edgardo Issac Farina;DEF;0;0;0;0;0;0,0;0;0,0;0;0;0;0,0;0;0;;;;
1227;Cristian Jesus Martinez;MID;3;3;243;81;0;0,0;0;0,0;0;0;0;0,0;0;0;;;;
1228;Jose Luis Rodriguez;MID;3;3;235;78;0;0,0;0;0,0;0;0;0;0,0;0;0;;;;
1229;Adalberto Eliecer Carrasquilla;MID;0;0;0;0;0;0,0;0;0,0;0;0;0;0,0;0;0;;;;
1230;Tomas Abdiel Rodriguez;FWD;2;1;47;47;0;0,0;0;0,0;0;0;0;0,0;0;0;;;;
1231;Ismael Diaz;MID;2;0;35;0;0;0,0;0;0,0;0;0;0;0,0;0;0;;;;
1232;Edgar Yoel Barcenas;MID;3;3;251;84;0;0,0;0;0,0;1;0;1;0,33;0;0;;;;
1233;Cesar Jair Samudio;GK;0;0;0;0;0;0,0;0;0,0;0;0;0;0,0;0;0;0,0;0,0;0,0;0,0
1234;Jiovany Javier Ramos;DEF;2;2;167;84;0;0,0;0;0,0;0;0;0;0,0;0;0;;;;
1235;Carlos Miguel Harvey;DEF;3;3;268;89;0;0,0;0;0,0;1;0;1;0,33;0;0;;;;
1236;Eric Javier Davis;DEF;2;0;3;0;0;0,0;0;0,0;0;0;0;0,0;0;0;;;;
1237;Andres Alberto Andrade;DEF;3;3;270;90;0;0,0;0;0,0;1;0;1;0,33;0;0;;;;
1238;Jose Fajardo;FWD;3;1;154;154;0;0,0;0;0,0;1;0;1;0,33;0;0;;;;
1239;Cecilio Alfonso Waterman;FWD;2;1;76;76;0;0,0;0;0,0;0;0;0;0,0;0;0;;;;
1240;Alberto Abdiel Quintero;MID;1;0;2;0;0;0,0;0;0,0;0;0;0;0,0;0;0;;;;
1241;Anibal Casis Godoy;MID;1;0;1;0;0;0,0;0;0,0;0;0;0;0,0;0;0;;;;
1242;Cesar Augusto Yanis;MID;0;0;0;0;0;0,0;0;0,0;0;0;0;0,0;0;0;;;;
1243;Orlando Mosquera;GK;3;3;270;90;0;0,0;0;0,0;0;0;0;0,0;0;0;0,0;8,0;4,0;66,7
1244;Michael Amir Murillo;DEF;3;3;270;90;0;0,0;0;0,0;0;0;0;0,0;0;0;;;;
1245;Azarías Emmanuel Londono;FWD;3;0;53;0;0;0,0;0;0,0;0;0;0;0,0;0;0;;;;
1246;Roderick Alonso Miller;DEF;0;0;0;0;0;0,0;0;0,0;0;0;0;0,0;0;0;;;;
1247;Jorge Abdiel Gutierrez;DEF;1;1;88;88;0;0,0;0;0,0;0;0;0;0,0;0;0;;;;
